Numeric_Date,Full_Date,Degree,Reliablility,Description
-760.00000000,c.760-750 BCE,3,2,"Though Jerusalem is not specifically mentioned, had there been a great earthquake (which we believe that occurred), Jerusalem was damaged. BM5 and AUS assign an intensity of VIII and IX, respectively. AM and GCT, based on Josephus and Nathan HaBavli, note that Jerusalem was hit in Ein-Rogel (landslides), the Temple, Valley of Hinnom (landslides) and perhaps Olive Mt."
-92.00000000,92 Feb 28 BCE,3,5,AM (p.96) and KA2 question the entry in BM5 concerning the reliability of this event and elaborate the sequence of sources leading to a potential spurious event.
-65.00000000,c.65 BCE,3,5,"AM ollowing the Babylonian Talmud. Baba Kama: ""earthquake struck Israel and the land trembled a hundred miles in all directions"". KA2 questions and event that hit Jerusalem"
-31.00000000,31 early spring BCE,3,5,AM following AAT
33.00000000,33,0,4,The testimony of St. Mathwre is not clear and one could not conclude for sure that Jerusalem has been hit.
363.00000000,363 May 18-19 (3rd hour-night),4,2,NULL
418.00000000,418/419,1,2,NULL
634.00000000,634 Sep,3,3,NULL
746.00000000,c.746 Jan,3,5,"Although it is possible that Jerusalem sustained some damage, the sources do not refer to it. They do describe at some length the repairable and irreparable damage caused to the Aksa mosque around its mihrab, but details about damage to other buildings and houses in Jerusalem are lacking (AM aftter Theoph. 422; al-Dhah. Tar. Islam v. 39–40)."
756.00000000,756 (757) Mar 9,3,1,NULL
1016.00000000,1016 Aug 27,3,4,Jerusalem / al Aqsa Mousqe: The Dome of the Rock in Jerusalem was allegedly damaged but no source (and there are only secondary sources) mentions an earthquake
1033.00000000,1033 Dec 5 (night),4,2,"damage: al Aqsa Mousqe, Dome of the rock, Mihrab of Dawud, David Citadel"
1068.20000000,1068 May 29,2,4,damage: Dome of the rock
1105.00000000,1105 Dec 24 (evening),1,1,NULL
1113.00000000,1113 Jul 18,1,2,NULL
1114.00000000,1114 Apr-May,1,4,NULL
1117.00000000,1117 Jun 26,3,2,NULL
1157.70000000,1157 Aug 12 (night),3,2,NULL
1170.00000000,1170 Jun 29 (0345),1,2,NULL
1202.00000000,1202 May 20 (0240),2,1,NULL
1458.00000000,1458 Nov 16,3,2,"damage: part of the minaret over the Zawiya al-Darkah, dome near the Church of the Holy Sepulchre"
1504.00000000,1504,1,4,Three shocks were felt in Jerusalem
1546.00000000,1546 Jan 14 (Afternoon),3,1,"damage: Holy tomb, Walls, Tower of the Temple, gate of Mercy, Yishmael mosque, al-Aqsa, Church of the Holy Sepulchre, the Ashrafiyya, the Aminiyya, Fakhriyya, Olive Mountain"
1557.00000000,1557 Feb,3,4,NULL
1643.00000000,1643 Mar 23,2,3,NULL
1644.00000000,1644,0,-1,TODO
1753.00000000,1753 Dec 16,1,3,NULL
1759.20000000,1759 Oct 30 ( 03:45),1,2,NULL
1759.30000000,1759 Nov 25 ( 19:23),1,1,The earthquake was felt stongly.
1769.00000000,1769,0,-1,TODO
1817.00000000,1817 Mar,3,2,"damage: Holy Sepulchre, Greek and Armenean Churchs"
1822.00000000,1822 Aug 13 (20:40),1,2,NULL
1834.00000000,1834 May 26 (13:00),3,1,Houses suffered various degrees of damage without loss of life
1837.00000000,1837 Jan 01  (16:35),2,1,"In Jerusalem the earthquake was not very strong and caused only limited damage. It is alleged that the minarets of the mosque at Kafr al-Tur, east of the city, were shaken down (AM after Calman 1837; Neman 1837)."
1843.00000000,1843 May 12,0,4,NULL
1844.40000000,1844-1845,1,4,NULL
1854.00000000,1854 Nov 3,1,4,NULL
1857.20000000,1857 Sep 21,1,4,NULL
1859.20000000,1859 Oct 24 (05:15),2,2,NULL
1863.20000000,1863 Sep 24 (20:15),1,2,NULL
1864.00000000,1864 Feb 19 (midnight),1,2,NULL
1864.20000000,1864 Mar 24 (02:30),1,2,NULL
1868.00000000,1868 Jan 24 (15:50),1,2,NULL
1868.40000000,1868 Oct 7 (19:30),1,2,NULL
1873.20000000,1873 Feb 14,1,4,NULL
1873.20000000,1873 Feb 14,1,2,"Slight tremor in Jerusalem (Royal Commision on Historical Manuscripts, 1975. Report on the papers of the Palestine Exploration Fund: Western Survey 1871-1902, 10)"
1873.30000000,1873 Jun 29 (02:30),1,2,NULL
1874.00000000,1874 Feb 13,1,2,"In the report of the Royal Commision on Historical Manuscripts from 1975 on the PEF western survey there is a report of  """"a small earthquake tremor in J. “[Jerusalem, my interpretation] . No other reporting source at the time but the British reports tend to be highy reliable."
1874.20000000,1874 Mar 03 (01:40),1,2,NULL
1875.00000000,1875 Mar 28 (02:48),1,2,NULL
1877.00000000,1877 Feb 15 (07:15),1,2,NULL
1877.20000000,1877 Mar 14 (06:15),1,2,NULL
1879.20000000,1879 Dec 31 (09:00),1,2,NULL
1885.00000000,1885 Mar 13 (11:00),1,4,NULL
1889.20000000,1889 Dec 11 (00:25),1,3,NULL
1893.00000000,1893 Jan 12 (04:00),1,3,NULL
1900.00000000,1900 Jan 5,1,3,Amiran et al (1994): slight shock
1903.00000000,1903 Mar 29 (22:30),1,3,"Amiran et al (1994): foreshock 21:00-21:30, MMS III. Three main shocks, 23:05, direction north to south. Mount of Olives: MMS VII. Aftershock 03:00, MMS III."
1903.20000000,1903 Dec 19 (00:20-00:44?),1,3,Amiran et al (1994)
1924.20000000,1924 Feb 27 (20:04),1,3,Amiran et al (1994)
1926.00000000,1926 Jun 26 (19:46),1,3,Amiran et al (1994)
1927.00000000,1927 Jul 11 (15:04),4,1,"(1) MSK values follow (Avni 1999) while correction of the MSK values was done by Zohar and Marco (2012) [ZOMA] in accordance to the site-attributes of construction quality, topographic slope, surface geology and ground water level.
(2) Mshikuli opposite christ Church- 1 stone fallen down. Room over main entrance gate cracks. Southern tower cracked. 
(3) Minaret part above gallery partly fallen down.
Mosque stones displaced, cracks, part of the roof has fallen in.
in the citadel and on the city walles stone fell down at several points which had not been consolidated recently."
