Id,Sites_GlobalID,SITE_NAME,Event_Id,Full_Date,Numeric_Date,Event_Type,Event_Mag,POINT_X,POINT_Y,Rel,Env_Eff,Env_Eff_Val,Env_Eff2,Category,Description,ESI_Val,ESI_Num,Order_Date,Region
12,5C9FEE42-4817-4C3B-A724-740330C36572,Alexandria,210,1927 Jul 11 (15:04),1927.00000000,S,6.25000000,29.89000000,31.20000000,Very High,U,Unknown,-1,"Unknown ","MSK values follow (Avni 1999); Modifications were made by Zohar and Marco (2012) [ZOMA]; A slight earthquake shock was felt at about 3.5 p.m. yesterday in Alexandria also, lasting for about one minuet.",Unknown,-1.00000000,490,C
53,4DB98FB7-2AD2-4043-A737-B9E71D391CAD,Haifa,210,1927 Jul 11 (15:04),1927.00000000,S,6.25000000,35.00000000,32.82000000,Very High,SF,"Changes in the flow of Springs, appearance or disappearance  of spring",-1,Hydrologic phenomena’s,"MSK values follow (Avni 1999); Modifications were made by Zohar and Marco (2012) [ZOMA]; 2 strong shocks were felt. The Banko di Roma, and other buildings, were cracked.",Unknown,-1.00000000,490,C
64,EA893DDB-2EF5-4ED8-B626-B69BA7460090,Jerusalem-Jericho Road (A),210,1927 Jul 11 (15:04),1927.00000000,S,6.25000000,35.40000000,31.79000000,Very High,LD,Landslides,-1,Slope Stability,MSK values follow (Avni 1999); Modifications were made by Zohar and Marco (2012) [ZOMA],Unknown,-1.00000000,490,C
65,285D2F9B-BDC0-4A75-B7ED-CF331E03C16F,Jerusalem-Jericho Road 2 (A),210,1927 Jul 11 (15:04),1927.00000000,S,6.25000000,35.40000000,31.79000000,Very High,LD,Landslides,-1,Slope Stability,MSK values follow (Avni 1999); Modifications were made by Zohar and Marco (2012) [ZOMA],Unknown,-1.00000000,490,C
66,50DDE072-3A3C-4CAE-A3E9-6BE6316D6E2A,Amman-Jordan Road,210,1927 Jul 11 (15:04),1927.00000000,S,6.25000000,35.64000000,31.81000000,Very High,GB,"Ground breakage, fissures",-1,Ground breakage,MSK values follow (Avni 1999); Modifications were made by Zohar and Marco (2012) [ZOMA],Unknown,-1.00000000,490,C
73,F46690DC-3E1B-4FF1-AFE5-1DCC2EBFF617,Majdal Yaba,210,1927 Jul 11 (15:04),1927.00000000,S,6.25000000,34.95484054,32.08090252,Very High,WC,Changes in water chemistry,3,Hydrologic phenomena’s,MSK values follow (Avni 1999); Modifications were made by Zohar and Marco (2012) [ZOMA],7- DAMAGING,7.00000000,490,C
75,9A6CB00D-38C3-4105-A747-DF31342CAD3C,Motza,210,1927 Jul 11 (15:04),1927.00000000,S,6.25000000,35.15000000,31.78000000,Very High,SF,"Changes in the flow of Springs, appearance or disappearance  of spring",-1,Hydrologic phenomena’s,MSK values follow (Avni 1999); Modifications were made by Zohar and Marco (2012) [ZOMA],7- DAMAGING,7.00000000,490,C
77,F77F71CF-12FB-4ED6-9A18-59E43AE21A7D,Maa'yan Elisha,210,1927 Jul 11 (15:04),1927.00000000,S,6.25000000,35.43000000,31.87000000,Very High,WC,Changes in water chemistry,-1,Hydrologic phenomena’s,MSK values follow (Avni 1999); Modifications were made by Zohar and Marco (2012) [ZOMA]; The water was painted red,7-8,7.50000000,490,C
81,1936F477-1750-4C18-8CE6-1528010A851E,Deir Mar-Saba,210,1927 Jul 11 (15:04),1927.00000000,S,6.25000000,35.33000000,31.70000000,Very High,GB,"Ground breakage, fissures",-1,Ground breakage,MSK values follow (Avni 1999); Modifications were made by Zohar and Marco (2012) [ZOMA],7- DAMAGING,7.00000000,490,C
83,2C57D5EC-AA9C-4113-857E-B6DAD47D9171,Nabi-Musa,210,1927 Jul 11 (15:04),1927.00000000,S,6.25000000,35.43000000,31.78000000,Very High,GE,Exhalation or emission of gas,5,Gas exhalation,MSK values follow (Avni 1999); Modifications were made by Zohar and Marco (2012) [ZOMA],8-9,8.50000000,490,C
95,BD24A366-89AC-409F-96A8-7A5BF45C4445,Ein el-Kelt,210,1927 Jul 11 (15:04),1927.00000000,S,6.25000000,35.36000000,31.83000000,Very High,SF,"Changes in the flow of Springs, appearance or disappearance  of spring",21,Hydrologic phenomena’s,MSK values follow (Avni 1999); Modifications were made by Zohar and Marco (2012) [ZOMA],8-9,8.50000000,490,C
96,3C471159-CBDB-4719-B69A-489BF18B07BD,Ein-Dok,210,1927 Jul 11 (15:04),1927.00000000,S,6.25000000,35.43000000,31.87000000,Very High,RF,Rock falls,-1,Other,MSK values follow (Avni 1999); Modifications were made by Zohar and Marco (2012) [ZOMA],7-8,7.50000000,490,C
98,577F480F-962E-43D3-B007-73395170945D,Ein-Karem,210,1927 Jul 11 (15:04),1927.00000000,S,6.25000000,35.16000000,31.77000000,Very High,WC,Changes in water chemistry,-1,Hydrologic phenomena’s,MSK values follow (Avni 1999); Modifications were made by Zohar and Marco (2012) [ZOMA],7-8,7.50000000,490,C
99,FEB1BDEF-D99A-4A2C-B8A2-A099CF5BF578,Ein-Musa,210,1927 Jul 11 (15:04),1927.00000000,S,6.25000000,35.72000000,31.76000000,Very High,WC,Changes in water chemistry,-1,Hydrologic phenomena’s,MSK values follow (Avni 1999); Modifications were made by Zohar and Marco (2012) [ZOMA],7- DAMAGING,7.00000000,490,C
101,B0F6DE33-2C9A-452B-8651-289A55BB4810,Ein-Farah,210,1927 Jul 11 (15:04),1927.00000000,S,6.25000000,35.34000000,32.28000000,Very High,SF,"Changes in the flow of Springs, appearance or disappearance  of spring",-1,Hydrologic phenomena’s,MSK values follow (Avni 1999); Modifications were made by Zohar and Marco (2012) [ZOMA],7- DAMAGING,7.00000000,490,C
109,FB9C0BAD-22D7-45FE-8E0E-197AFBE02FBB,Tzemach,210,1927 Jul 11 (15:04),1927.00000000,S,6.25000000,35.58000000,32.70000000,Very High,SF,"Changes in the flow of Springs, appearance or disappearance  of spring",-1,Hydrologic phenomena’s,MSK values follow (Avni 1999); Modifications were made by Zohar and Marco (2012) [ZOMA],7- DAMAGING,7.00000000,490,C
111,45638DEE-E50A-4113-9260-F6AB3B96506F,Tzora,210,1927 Jul 11 (15:04),1927.00000000,S,6.25000000,34.97000000,31.77000000,Very High,GB,"Ground breakage, fissures",-1,Ground breakage,MSK values follow (Avni 1999); Modifications were made by Zohar and Marco (2012) [ZOMA],7-8,7.50000000,490,C
121,81E062D5-FBB2-471D-A762-D423758724BC,Reina,210,1927 Jul 11 (15:04),1927.00000000,S,6.25000000,35.29000000,32.71000000,Very High,GB,"Ground breakage, fissures",-1,Ground breakage,MSK values follow (Avni 1999); Modifications were made by Zohar and Marco (2012) [ZOMA],Unknown,-1.00000000,490,C
131,E17AB41C-40F2-4BC3-AA99-91EBEA409675,Dead Sea north 1 (A),210,1927 Jul 11 (15:04),1927.00000000,S,6.25000000,35.52000000,31.76000000,Very High,SW,Sea waves,-1,Sea phenomena,MSK values follow (Avni 1999); Modifications were made by Zohar and Marco (2012) [ZOMA],Unknown,-1.00000000,490,C
135,E7EC9887-993F-4C96-B43C-2DC87CD35A46,Araq el-Amir,8,c.760-750 BCE,-760.00000000,S,7.83000000,35.75000000,31.91000000,Doubtful,U,Unknown,-1,"Unknown ","AM following Butler, 1907",Unknown,-1.00000000,15,C
136,65DF0B7E-D5BA-4B8F-BA12-9C5738CDF09F,Tel Gezer,8,c.760-750 BCE,-760.00000000,S,7.83000000,34.92000000,31.87000000,Doubtful,U,Unknown,-1,"Unknown ","AM; GCT are based on archaeological Remains of Dever and Younker 1991, 286; Younker 1991; Dever 1992, 30. Also, AM suggests they the site is included in the list of cities conquered by the Egyptians (pharaoh Sheshonk I) which might explain damage from a different source.
AUS determine MMI = 9",Unknown,-1.00000000,15,C
137,E6B73FCE-2D24-4B33-8D94-8CCC9EC77873,Tel Hazor,8,c.760-750 BCE,-760.00000000,S,7.83000000,35.56000000,33.01000000,Doubtful,U,Unknown,-1,"Unknown ","AM; GCT based on Yadin 1972, 113, 181; Dever 1992, 28; Knauf 2002 suggest a possible damage to Tel Hazor. AUS determine MMI = 10",Unknown,-1.00000000,15,C
138,372EE9DF-BD1C-4FE4-8BAF-B7DEDDA3BCA8,Jerusalem,8,c.760-750 BCE,-760.00000000,S,7.83000000,35.23202273,31.77792538,High,LD,Landslides,-1,Slope Stability,"Though Jerusalem is not specifically mentioned, had there been a great earthquake (which we believe that occurred), Jerusalem was damaged. BM5 and AUS assign an intensity of VIII and IX, respectively. AM and GCT, based on Josephus and Nathan HaBavli, note that Jerusalem was hit in Ein-Rogel (landslides), the Temple, Valley of Hinnom (landslides) and perhaps Olive Mt.",9 - DESTRUCTIVE,9.00000000,15,C
139,D843F5FD-6514-4334-BECA-02539A39DD12,Judea (A),8,c.760-750 BCE,-760.00000000,S,7.83000000,35.35000000,32.08000000,High,U,Unknown,-1,"Unknown ","The description in Amos 1.1, imply of event that was relatively massive to date or reference accordingly  the Amos's prophecy. The 6th century Zecharia and perhaps also Isaiah imply of probable event (AM)",Unknown,-1.00000000,15,C
140,5F9531EF-533C-4343-A12B-D5511B4C4475,Kh. el-Asiq,8,c.760-750 BCE,-760.00000000,S,7.83000000,35.64765205,32.78536381,Doubtful,U,Unknown,-1,"Unknown ",AM following Dever 1992,Unknown,-1.00000000,15,C
141,23A028D1-0F69-4170-B625-21A91193F84E,Lachish,8,c.760-750 BCE,-760.00000000,S,7.83000000,34.84000000,31.56000000,Doubtful,U,Unknown,-1,"Unknown ","AM is based on archaeological Remains of Ussishkin 1977, 5; Dever
1992, 35, n. 10; Herzog 2002, 97.
AUS determine MMI = 8",Unknown,-1.00000000,15,C
142,7D3B8E03-4FEF-4CDD-A2FA-DE20FF6C07F6,Megiddo,8,c.760-750 BCE,-760.00000000,S,7.83000000,35.10000000,32.50000000,Doubtful,U,Unknown,-1,"Unknown ",AM based on Knauf 2002 suggest the earthquake might have damaged Megido. AM also suggests that this site is included in the list of cities conquered by the Egyptians (pharaoh Sheshonk I) which might explain damage from a different source,Unknown,-1.00000000,15,C
143,88A5A9E6-4DD9-4BF2-8A48-A6D7724D1040,Samaria,8,c.760-750 BCE,-760.00000000,S,7.83000000,35.29000000,32.42000000,Doubtful,U,Unknown,-1,"Unknown ","AM notes that according to Crisler 2003; 2004, Samaria might have been damaged.
AUS determine MMI = 9",Unknown,-1.00000000,15,C
144,5BD14774-E24B-4F35-8811-3EBED9DE80FE,Tel el-Hama,8,c.760-750 BCE,-760.00000000,S,7.83000000,35.65000000,32.68000000,Doubtful,U,Unknown,-1,"Unknown ",AM: Included in the list of cities conquered by the Egyptians (pharaoh Sheshonk I) which might explain damage from a different source,Unknown,-1.00000000,15,C
145,6E84A5C4-91FE-4BAD-A88F-E0E00738C530,Tel el-Saiidiyeh,8,c.760-750 BCE,-760.00000000,S,7.83000000,35.57000000,32.31000000,Doubtful,U,Unknown,-1,"Unknown ",AM: Included in the list of cities conquered by the Egyptians (pharaoh Sheshonk I) which might explain damage from a different source,Unknown,-1.00000000,15,C
146,C255E6EC-2532-42FA-9EA5-3EB9034F14F4,Tel Arad,8,c.760-750 BCE,-760.00000000,S,7.83000000,35.12000000,31.28000000,Doubtful,U,Unknown,-1,"Unknown ","AM is based on archaeological Remains of Herzog and Singer 2002, 96–98; Singer-Avitz 2002, 162",Unknown,-1.00000000,15,C
148,01F8F10F-2F85-4443-B5C3-CD495BCDAD0C,Tel Mevorakh,8,c.760-750 BCE,-760.00000000,S,7.83000000,34.96000000,32.03000000,Doubtful,U,Unknown,-1,"Unknown ",AM after Mazar 1993: Included in the list of cities conquered by the Egyptians (pharaoh Sheshonk I) which might explain damage from a different source,Unknown,-1.00000000,15,C
149,81706A06-024B-4F32-8528-6DF439E4B6B2,Tel Michal,8,c.760-750 BCE,-760.00000000,S,7.83000000,34.80000000,32.14000000,Doubtful,U,Unknown,-1,"Unknown ",AM after Mazar 1993: Included in the list of cities conquered by the Egyptians (pharaoh Sheshonk I) which might explain damage from a different source,Unknown,-1.00000000,15,C
150,028D7E49-5AEF-47E5-87AD-8378B70F4496,Tel Abu Hawan,8,c.760-750 BCE,-760.00000000,S,7.83000000,35.55000000,32.82000000,Doubtful,U,Unknown,-1,"Unknown ","AM is based on archaeological Remains of  Balensi 1980, 586;
Warren and Hankey 1989, 161, was damaged between 1125–1050 BC. AM also suggests that this site is included in the list of cities conquered by the Egyptians (pharaoh Sheshonk I) which might explain damage from a different source",Unknown,-1.00000000,15,C
151,2DB9CF40-FA4B-4182-B8B9-606504C741CB,Tel el-Mazar,8,c.760-750 BCE,-760.00000000,S,7.83000000,35.35910000,32.52720000,Doubtful,U,Unknown,-1,"Unknown ",AM: Included in the list of cities conquered by the Egyptians (pharaoh Sheshonk I) which might explain damage from a different source,Unknown,-1.00000000,15,C
152,A1F614D7-F8B2-43AA-8869-087E829686E1,Tel Qasila,8,c.760-750 BCE,-760.00000000,S,7.83000000,34.80000000,32.11000000,Doubtful,U,Unknown,-1,"Unknown ","AM is based on archaeological Remains of Dothan and Dunayevsky 1993;Mazar 1993, 298; Stern 1993, suggests that the site was damaged during the period 1100–1050 BC. AM also suggets that the site is included in the list of cities conquered by the Egyptians (pharaoh Sheshonk I) which might explain damage from a different source",Unknown,-1.00000000,15,C
153,28EB4564-D107-4094-909E-DE9CAC243F95,Tel Batash,8,c.760-750 BCE,-760.00000000,S,7.83000000,34.89000000,31.81000000,Doubtful,U,Unknown,-1,"Unknown ",AM: Included in the list of cities conquered by the Egyptians (pharaoh Sheshonk I) which might explain damage from a different source,Unknown,-1.00000000,15,C
154,C3204458-8A35-4241-AAE1-71F5AAE2BB0D,Phoenicia (A),14,c.198 BCE,-198.00000000,Unknown,NULL,35.37000000,33.42000000,High,U,Unknown,-1,"Unknown ","AM and GCT (p. 145) after Posidonius: ""As a result of an earthquake in Phoenicia..."". The earthuqkae is reported to damage Sidon so it is resonable to assume other locations in Phoenicia (Present day Lebanon) were damaged as well",Unknown,-1.00000000,23,C-N
155,5472F125-084A-49EE-BE2A-AADB2C17C1C2,Sidon,14,c.198 BCE,-198.00000000,Unknown,NULL,35.37000000,33.56000000,High,LD,Landslides,-1,Slope Stability,"TODO - where is the reference of landslides?

GCT (p. 145) after Posidonius: ""As a result of an earthquake in Phoenicia, a city above Sidon was swallowed up, and almost two-thirds of Sidon itself collapsed, but the number of victims was limited, because it did not happen in a single shock""",Unknown,-1.00000000,23,C-N
156,E0A3CC35-34B4-4C7A-99A6-8B69DCCFA2BF,Syria (A),14,c.198 BCE,-198.00000000,Unknown,NULL,37.03000000,34.93000000,High,U,Unknown,-1,"Unknown ","GCT (p. 145) after Posidonius: ""The same disaster struck the whole of Syria, but with moderate intensity"".
The intensity of the earthquake seems to be lower than in Lebanon (Phoenicia)",Unknown,-1.00000000,23,C-N
157,DA8E5967-B9B3-47EE-99BB-1B767B08C6E5,Antakya,17,148 Feb 21 (130?) BCE,-148.00000000,S,NULL,36.16000000,36.20000000,Doubtful,U,Unknown,-1,"Unknown ","AM and GCT are basin on Malalas which in turn, is based on Domninus. AM (p. 95) doubts the report and suggests that it ""might originally have been the defeat of Antiochus VII, which, with its loss of life, would have affected the city almost as heavily as an earthquake""",Unknown,-1.00000000,26,N
158,D843F5FD-6514-4334-BECA-02539A39DD12,Judea (A),20,31 early spring BCE,-31.00000000,S,6.70000000,35.35000000,32.08000000,High,U,Unknown,-1,"Unknown ","GCT (p. 173-174) based on Josephus suggest a strong earthquake with many casualties in Judea. However, the 30000 casualtiles according to Josephus seems to be exagarated",Unknown,-1.00000000,34,C
160,C4166415-0697-447A-B77C-2DBE634B82CB,Jericho,20,31 early spring BCE,-31.00000000,S,6.70000000,35.46264709,31.86013890,Doubtful,GB,"Ground breakage, fissures",-1,Ground breakage,"AM following RH disscussesa fault scarp showing a 3.5-m throw near
Hisham’s Palace at Jericho and at Deir Hajla, which is midway between Jericho and the Dead Sea (Reches and
Hoexter 1981; Amiran et al. 1994; Nur and Ron 1996). They thought it might have been associated with the
31BC earthquake mentioned by Josephus. However, a fault break with a 3.5-m throw corresponds to a catastrophic earthquake that Jericho, Jerusalem and other urban centres could not have survived",9 - DESTRUCTIVE,9.00000000,34,C
161,43673396-9724-4A3E-808E-1F92C886D9F0,Qatana,20,31 early spring BCE,-31.00000000,S,6.70000000,36.08000000,33.43000000,Doubtful,U,Unknown,-1,"Unknown ",Following AM: the lack of damage and casualties is probably because the Nabateans were camping in the open.,Unknown,-1.00000000,34,C
162,7C6E6DED-E60B-4CDB-A57F-128CA0DF9B3E,Lod,20,31 early spring BCE,-31.00000000,S,6.70000000,34.90000000,31.95000000,Doubtful,U,Unknown,-1,"Unknown ",The damage to Lod (Salamis; Diospolis) is doubtful and can be a mere misinterpretation with salamis in Cyprus (and the 15-17 cyprus earthquake),Unknown,-1.00000000,34,C
163,24D682FB-C75F-469B-9F6B-0E924EFF25AE,Qumran,20,31 early spring BCE,-31.00000000,S,6.70000000,35.45000000,31.74000000,Doubtful,GB,"Ground breakage, fissures",-1,Ground breakage,"Following NURO and AM: ‘. . . this
earthquake destroyed the building and ruptured the water supply of the monastery of the Essene at Qumran, 22 km east of Jerusalem, which probably forced the inhabitants
to abandon the town for several decades. They add that the 2,000 year-old fault rupture in the stairs of the cistern appears as fresh as if it had happened yesterday . . .’",8-9,8.50000000,34,C
164,84EBEC4B-4A4E-4CF1-9140-4A34DDCF325C,Salem,20,31 early spring BCE,-31.00000000,S,6.70000000,35.54940000,31.83750000,Doubtful,U,Unknown,-1,"Unknown ","AM questions the damage to Salim of John (Salem, Salamis, Salumias) on the Jordan banks.",Unknown,-1.00000000,34,C
165,88A5A9E6-4DD9-4BF2-8A48-A6D7724D1040,Samaria,20,31 early spring BCE,-31.00000000,S,6.70000000,35.29000000,32.42000000,Doubtful,U,Unknown,-1,"Unknown ","AM: It has been suggested that the
reference should be to Salaminias in Syria or to Samaria in Palestine, which is not tenable (Stauffenberg 1931, 179,
n. 108)",Unknown,-1.00000000,34,C
166,43144816-00B0-473F-992D-34AFDCE4A6B6,Heshbon,20,31 early spring BCE,-31.00000000,S,6.70000000,35.77000000,31.79000000,Doubtful,U,Unknown,-1,"Unknown ","AM following Mitchell 1992, 54",Unknown,-1.00000000,34,C
170,E2AF6807-EFF8-4DD0-8B54-15C627573228,Olives Mt.,8,c.760-750 BCE,-760.00000000,S,7.83000000,35.24405353,31.77460928,Doubtful,LD,Landslides,11,Slope Stability,"The Mount of Olives, east of Jerusalem, was split and form a valley. No apparent rupture was found but a landslide may have occurred (AM; GCT after Isaiah and Zecharia).",8-9,8.50000000,15,C
173,DA8E5967-B9B3-47EE-99BB-1B767B08C6E5,Antakya,254,c.65 BCE,-65.00000000,S,NULL,36.16000000,36.20000000,Moderate,U,Unknown,-1,"Unknown ",GCT after Malalas sugget the Senat building has collapsed,Unknown,-1.00000000,30,N
174,E0A3CC35-34B4-4C7A-99A6-8B69DCCFA2BF,Syria (A),254,c.65 BCE,-65.00000000,S,NULL,37.03000000,34.93000000,High,U,Unknown,-1,"Unknown ",GCT (p. 162) and AM (p. 96) following Justin (3rd century CE): many Syrian cities were destroyed.,Unknown,-1.00000000,30,N
175,AF9EB27E-D03C-4DE0-B516-FA84D5DFDFAD,Tel Sukas,254,c.65 BCE,-65.00000000,S,NULL,35.93000000,35.30000000,Doubtful,U,Unknown,-1,"Unknown ",AM following Riis 1970; Lund 1986; Assaf 1997,Unknown,-1.00000000,30,N
178,DA8E5967-B9B3-47EE-99BB-1B767B08C6E5,Antakya,27,37 Mar 23  (morning),37.00000000,S,NULL,36.16000000,36.20000000,High,LD,Landslides,-1,Slope Stability,"damage: Daphne, the hill of Orontes (Landslides)",Unknown,-1.00000000,39,N
188,7C6E6DED-E60B-4CDB-A57F-128CA0DF9B3E,Lod,288,44-32 BCE,-44.00000000,S,NULL,34.90000000,31.95000000,Doubtful,U,Unknown,-1,"Unknown ","AM: Since one edition of one of the late sources has a very similar earthquake for ‘Salamis in Cyprus (in the district) of Syria’, confusing Salamis with the Paphos earthquake of 17–15 BC, it is likely that this record for Palestine is the result of confusing the Palestine (31 BC) and Cyprus (17–15 BC) earthquakes",Unknown,-1.00000000,32,C
197,32CCC3A0-A7EE-46D7-92AA-6818C0DB8787,Caesarea,39,303 Apr 2,303.00000000,S,7.10000000,34.89000000,32.50000000,Moderate,SW,Sea waves,-1,Sea phenomena,NULL,Unknown,-1.00000000,53,C-N
247,D10B0336-2D82-4E78-A1B2-A300A02903E7,Beirut,56,551 Jul 9,551.00000000,MA,7.50000000,35.48000000,33.89000000,Very High,SW,Sea waves,-1,Sea phenomena,damage: the Roman Law School,Unknown,-1.00000000,83,C-N
252,09252BEE-06F1-4C43-BC30-533B68813ED9,Batrun (Botrys),56,551 Jul 9,551.00000000,MA,7.50000000,35.64000000,34.25000000,Very High,LD,Landslides,-1,Slope Stability,NULL,Unknown,-1.00000000,83,C-N
264,8AB69AB8-D3B7-40A3-AF07-0ED9627CC7BE,S. Lebanease Coast (A),56,551 Jul 9,551.00000000,MA,7.50000000,35.30000000,33.32000000,Very High,SW,Sea waves,-1,Sea phenomena,NULL,Unknown,-1.00000000,83,C-N
289,298E6A51-CC52-4806-9266-8CE38BA95E52,Tiberias,81,853 Jun 12 - 854 Jun1,853.00000000,S,NULL,35.54223594,32.78604531,Poor,LD,Landslides,-1,Slope Stability,NULL,Unknown,-1.00000000,121,C
296,2F73C0CC-D218-4082-A1C1-C85AD707944A,Busra,70,c.746 Jan,746.00000000,MA,7.20000000,36.48000000,32.51000000,Doubtful,U,Unknown,-1,"Unknown ","Bosra was ruined, but details
are lacking (AM)",Unknown,-1.00000000,110,N
299,FBE9C841-88F2-43C5-B861-3F1B95B8C457,Nawa,70,c.746 Jan,746.00000000,MA,7.20000000,36.03000000,32.89000000,Doubtful,U,Unknown,-1,"Unknown ","It is said that, further south, Nawa and Deraat were destroyed (AM)",Unknown,-1.00000000,110,N
300,C4166415-0697-447A-B77C-2DBE634B82CB,Jericho,71,749/Early 750,749.00000000,FM,7.20000000,35.46264709,31.86013890,Poor,SF,"Changes in the flow of Springs, appearance or disappearance  of spring",-1,Hydrologic phenomena’s,NULL,Unknown,-1.00000000,111,C
147,0EB628C8-8872-4A66-ACA1-7B3E945FC379,Tel Bee'r Sheva,8,c.760-750 BCE,-760.00000000,S,7.83000000,34.84040000,31.24470000,Doubtful,U,Unknown,-1,"Unknown ","AM is based on archaeological Remains of Herzog (2002).
AUS determine MMI = 8",Unknown,-1.00000000,15,C
87,DF59E903-CD4A-4D16-9E47-F4107E798606,Nes-Ziona,210,1927 Jul 11 (15:04),1927.00000000,S,6.25000000,34.79000000,31.92000000,Very High,LD,Landslides,-1,Slope Stability,MSK values follow (Avni 1999); Modifications were made by Zohar and Marco (2012) [ZOMA],Unknown,-1.00000000,490,C
54,D8E02F13-BB7C-4EF2-8427-79CFC7B613BB,Tabgha,210,1927 Jul 11 (15:04),1927.00000000,S,6.25000000,35.53000000,32.87000000,Very High,WC,Changes in water chemistry,-1,Hydrologic phenomena’s,MSK values follow (Avni 1999); Modifications were made by Zohar and Marco (2012) [ZOMA],6-7,6.50000000,490,C
49,500F145D-D1EC-458A-9BA3-4AB7731BA22F,Zarka,210,1927 Jul 11 (15:04),1927.00000000,S,6.25000000,36.08000000,32.06000000,Very High,WC,Changes in water chemistry,-1,Hydrologic phenomena’s,MSK values follow (Avni 1999); Modifications were made by Zohar and Marco (2012) [ZOMA],Unknown,-1.00000000,490,C
10,BC20E94B-A34D-4F1F-AF24-6A1EFCD65DC5,El-Hama,210,1927 Jul 11 (15:04),1927.00000000,S,6.25000000,35.65000000,32.68000000,Very High,SF,"Changes in the flow of Springs, appearance or disappearance  of spring",21,Hydrologic phenomena’s,MSK values follow (Avni 1999); Modifications were made by Zohar and Marco (2012) [ZOMA],7- DAMAGING,7.00000000,490,C
3,DFB96483-FF1B-420F-87E7-19E8073CEEE6,Jordan River (A),210,1927 Jul 11 (15:04),1927.00000000,S,6.25000000,35.53000000,31.82000000,Very High,LD,Landslides,-1,Slope Stability,MSK values follow (Avni 1999); Modifications were made by Zohar and Marco (2012) [ZOMA],7-8,7.50000000,490,C
310,8AB69AB8-D3B7-40A3-AF07-0ED9627CC7BE,S. Lebanease Coast (A),70,c.746 Jan,746.00000000,MA,7.20000000,35.30000000,33.32000000,Poor,TS,Tsunami,-1,Sea phenomena,NULL,Unknown,-1.00000000,110,N
311,A5F24953-627D-4CC5-A347-03A7109C742E,Areopolis,71,749/Early 750,749.00000000,FM,7.20000000,35.73000000,31.26000000,Poor,SW,Sea waves,-1,Sea phenomena,in Balqa (within Moab),Unknown,-1.00000000,111,C
312,298E6A51-CC52-4806-9266-8CE38BA95E52,Tiberias,71,749/Early 750,749.00000000,FM,7.20000000,35.54223594,32.78604531,Very High,SF,"Changes in the flow of Springs, appearance or disappearance  of spring",-1,Hydrologic phenomena’s,NULL,Unknown,-1.00000000,111,C
336,6D1AB72C-0556-4E22-9E22-59F1C64EFAE1,Al-Badan,97,1033 Dec 5 (night),1033.00000000,MA,6.80000000,35.31000000,32.25000000,High,LD,Landslides,-1,Slope Stability,A village near Nablus,Unknown,-1.00000000,138,C
337,85B2C229-F775-44F1-B9E6-97C368BAF9AE,Baniyas [IL],97,1033 Dec 5 (night),1033.00000000,MA,6.80000000,35.61000000,33.24000000,High,LD,Landslides,-1,Slope Stability,NULL,Unknown,-1.00000000,138,C
339,E0A3CC35-34B4-4C7A-99A6-8B69DCCFA2BF,Syria (A),97,1033 Dec 5 (night),1033.00000000,MA,6.80000000,37.03000000,34.93000000,High,GB,"Ground breakage, fissures",-1,Ground breakage,NULL,Unknown,-1.00000000,138,C
347,93F14479-704C-4AEB-A37C-0FE08F683F24,Akko,97,1033 Dec 5 (night),1033.00000000,MA,6.80000000,35.07000000,32.92000000,High,SW,Sea waves,-1,Sea phenomena,NULL,Unknown,-1.00000000,138,C
350,813FF560-7792-4F51-ACA0-D1BDB4DDF839,Sea of Gali,97,1033 Dec 5 (night),1033.00000000,MA,6.80000000,35.58000000,32.80000000,High,WO,"Overflow, watercourse changes",-1,Hydrologic phenomena’s,NULL,Unknown,-1.00000000,138,C
364,7276A02F-FB05-44FC-BED6-E589858C9B1A,Tabuk,104,1068 Mar 18,1068.00000000,MA,7.30000000,36.58000000,28.38000000,High,SF,"Changes in the flow of Springs, appearance or disappearance  of spring",-1,Hydrologic phenomena’s,effects: water springs at al-Qur,Unknown,-1.00000000,148,S
365,B33C895F-3699-4B18-9467-F5838FB12BD7,Tayma,104,1068 Mar 18,1068.00000000,MA,7.30000000,36.75000000,32.84000000,High,SF,"Changes in the flow of Springs, appearance or disappearance  of spring",-1,Hydrologic phenomena’s,effects: water springs,Unknown,-1.00000000,148,S
366,B33C895F-3699-4B18-9467-F5838FB12BD7,Tayma,104,1068 Mar 18,1068.00000000,MA,7.30000000,36.75000000,32.84000000,High,GB,"Ground breakage, fissures",-1,Ground breakage,effects: water springs,Unknown,-1.00000000,148,S
375,11C3DBAB-A9F6-41CA-A9BA-F7B03B5F9995,Tennis,104,1068 Mar 18,1068.00000000,MA,7.30000000,32.30000000,31.17000000,High,SF,"Changes in the flow of Springs, appearance or disappearance  of spring",-1,Hydrologic phenomena’s,effects: water springs,Unknown,-1.00000000,148,S
377,A0C86E88-21A1-44AE-A572-41F8959585E9,Egypt (A),104,1068 Mar 18,1068.00000000,MA,7.30000000,31.49000000,28.61000000,High,SF,"Changes in the flow of Springs, appearance or disappearance  of spring",-1,Hydrologic phenomena’s,effects: water springs,Unknown,-1.00000000,148,S
378,5A686BB1-27BE-45D3-9FFC-A684F46DF552,Palestine (A),104,1068 Mar 18,1068.00000000,MA,7.30000000,35.20000000,32.39000000,High,SF,"Changes in the flow of Springs, appearance or disappearance  of spring",-1,Hydrologic phenomena’s,effects: water springs,Unknown,-1.00000000,148,S
379,5A686BB1-27BE-45D3-9FFC-A684F46DF552,Palestine (A),104,1068 Mar 18,1068.00000000,MA,7.30000000,35.20000000,32.39000000,High,SW,Sea waves,-1,Sea phenomena,effects: sea waves,Unknown,-1.00000000,148,S
380,8E329625-5D3F-4FD5-A273-ED9B760CF425,Al-Rahba,104,1068 Mar 18,1068.00000000,MA,7.30000000,35.72000000,31.35000000,High,SF,"Changes in the flow of Springs, appearance or disappearance  of spring",-1,Hydrologic phenomena’s,effects: water springs,Unknown,-1.00000000,148,S
381,10AA43E9-0A03-4926-BF68-6D59425449C9,Deir Kifa,104,1068 Mar 18,1068.00000000,MA,7.30000000,35.40000000,33.27000000,High,WO,"Overflow, watercourse changes",-1,Hydrologic phenomena’s,NULL,Unknown,-1.00000000,148,S
457,2F73C0CC-D218-4082-A1C1-C85AD707944A,Busra,134,1202 May 20 (0240),1202.00000000,MA,7.50000000,36.48000000,32.51000000,Very High,LD,Landslides,-1,Slope Stability,village near Busra,Unknown,-1.00000000,222,C-N
458,C601857B-C043-4546-85FC-41C8D3548F01,Nablus,134,1202 May 20 (0240),1202.00000000,MA,7.50000000,35.25000000,32.21000000,Very High,GC,Geomorphologic changes/Ground shifts,-1,Ground breakage,NULL,Unknown,-1.00000000,222,C-N
464,363BA99B-AD00-4E0A-AC50-024FE04AF5EF,Mt. Lebanon (A),134,1202 May 20 (0240),1202.00000000,MA,7.50000000,35.71000000,33.50000000,Very High,LD,Landslides,-1,Slope Stability,NULL,Unknown,-1.00000000,222,C-N
469,8223F9C3-DAC0-4A60-A56D-A9AE237D5D60,al-Marqab Citadel,134,1202 May 20 (0240),1202.00000000,MA,7.50000000,35.94961990,35.15100760,Very High,U,Unknown,-1,"Unknown ","The azimuth of displacement is NE-SW for the older damages of the Crusader period (A.D. 1170–1285), possibly related to the A.D. 1202 earthquake. The earthquake produced at least VIII intensity on the MSK scale at AlMarqab, which is higher than previously considered (KM)",Unknown,-1.00000000,222,C-N
483,56C3EBE7-8350-4CA2-A9E0-6D2EAE64E858,Cyprus (A),134,1202 May 20 (0240),1202.00000000,MA,7.50000000,33.10000000,34.98000000,Very High,SW,Sea waves,-1,Sea phenomena,NULL,Unknown,-1.00000000,222,C-N
484,E0A3CC35-34B4-4C7A-99A6-8B69DCCFA2BF,Syria (A),134,1202 May 20 (0240),1202.00000000,MA,7.50000000,37.03000000,34.93000000,Very High,SW,Sea waves,-1,Sea phenomena,NULL,Unknown,-1.00000000,222,C-N
488,A19DBC3E-C9C0-40E3-9379-21FE19F3A0BF,St. Catherine,135,1212 May 01,1212.00000000,FMA,6.70000000,33.97000000,28.55000000,High,LD,Landslides,-1,Slope Stability,NULL,Unknown,-1.00000000,223,S
493,A374891E-3138-4DA4-952C-57B2353F4C57,Damieh,235,1267 Dec 8,1267.00000000,S,NULL,35.56000000,32.20000000,Poor,LD,Landslides,-1,Slope Stability,Ther is no indication that the damming of the jordan in 1267 was caused by an earthquake.,Unknown,-1.00000000,228,C
495,D2CC8734-4DB1-442B-8942-920C367191D9,Ramla,145,1293 Jan 11–Feb 08,1293.00000000,S,6.20000000,34.87000000,31.92000000,High,WO,"Overflow, watercourse changes",-1,Hydrologic phenomena’s,damage: minaret of the main mosque,Unknown,-1.00000000,233,C
511,405C9BB2-73B3-4E37-903A-09EC2AA623E6,Elat,171,1588 Jan 04 (13:00),1588.00000000,S,6.70000000,34.95000000,29.55000000,Moderate,LD,Landslides,-1,Slope Stability,NULL,Unknown,-1.00000000,281,S
537,93F14479-704C-4AEB-A37C-0FE08F683F24,Akko,186,1759 Oct 30 ( 03:45),1759.20000000,F/S,6.50000000,35.07000000,32.92000000,High,SW,Sea waves,-1,Sea phenomena,NULL,Unknown,-1.00000000,318,C-N
544,11A1487E-27D7-4A7E-B810-B9BDB80B99B0,Damascus,186,1759 Oct 30 ( 03:45),1759.20000000,F/S,6.50000000,36.29000000,33.51000000,Very High,LD,Landslides,-1,Slope Stability,damage: Qanawat water Channel,Unknown,-1.00000000,318,C-N
547,C8AC700E-1F60-45F7-9D1F-4F695EE1C87B,Tripoli,186,1759 Oct 30 ( 03:45),1759.20000000,F/S,6.50000000,35.83000000,34.43000000,High,SW,Sea waves,-1,Sea phenomena,damege: Water slosh out of basins and ponds.,Unknown,-1.00000000,318,C-N
572,8B0ECE77-755E-4497-BE34-6EA7DCB86A9C,Baalbeq,187,1759 Nov 25 ( 19:23),1759.30000000,FMA,7.30000000,36.20000000,34.00000000,Very High,LD,Landslides,-1,Slope Stability,"damage: the Castle, the Great Temple",Unknown,-1.00000000,319,C-N
578,9FEFF99F-ABD4-4142-9523-96735990804E,Bet-Jann,187,1759 Nov 25 ( 19:23),1759.30000000,FMA,7.30000000,35.37000000,32.96000000,Very High,GE,Exhalation or emission of gas,-1,Gas exhalation,"todo :
Fire followed the earthquake.",Unknown,-1.00000000,319,C-N
609,D744E9B4-E0A5-4E5B-A5F1-6695B807B5C7,Ghutah,187,1759 Nov 25 ( 19:23),1759.30000000,FMA,7.30000000,36.42000000,33.49000000,Very High,GB,"Ground breakage, fissures",-1,Ground breakage,NULL,Unknown,-1.00000000,319,C-N
632,5C9FEE42-4817-4C3B-A724-740330C36572,Alexandria,187,1759 Nov 25 ( 19:23),1759.30000000,FMA,7.30000000,29.89000000,31.20000000,Very High,WO,"Overflow, watercourse changes",-1,Hydrologic phenomena’s,NULL,Unknown,-1.00000000,319,C-N
645,649C9271-3EFA-4248-A7E4-B04F9ACE6F09,Dead Sea Southwest (A),192,1834 May 26 (13:00),1834.00000000,S,6.30000000,35.36000000,31.13000000,High,AC,Asphalt casting,-1,Other,"After the earthquake of 1834, a large quantity of asphalt was apparently cast onto the shore near the southwestern corner of the Dead Sea, three tons of which were brought to market by the natives",Unknown,-1.00000000,357,C
671,02B89F0E-6C6B-4591-9C0C-538323266D54,Bilad el-Shuqf (A),193,1837 Jan 01  (16:35),1837.00000000,MA,7.10000000,35.57000000,33.39000000,High,LD,Landslides,-1,Slope Stability,"In the region of Bilad al-Shuqf 600 goats were killed, presumably by rock falls (AM). An EMS-98 value cannot be evaluated",Unknown,-1.00000000,359,C-N
705,88B2E1F9-59C3-4C40-AC86-2E7E2764725A,Jish,193,1837 Jan 01  (16:35),1837.00000000,MA,7.10000000,35.43000000,33.10000000,Very High,GB,"Ground breakage, fissures",-1,Ground breakage,"Jish was completely destroyed and not a house was left standing. The church fell, killing 130 persons, and the old walls of the town collapsed. In all 235 people were killed, and in places the ground was fissured (AM after Thomson 1837; Waghorn 1837; Robinson 1856).",Unknown,-1.00000000,359,C-N
712,AED6DE2D-113A-4E03-A89A-F37BEA9C7CD8,Safed,193,1837 Jan 01  (16:35),1837.00000000,MA,7.10000000,35.48000000,32.96000000,Very High,LD,Landslides,-1,Slope Stability,"In Safet, the largest of the places affected, the northern, Jewish, section of the town was almost entirely destroyed while the southern, Moslem, section suffered far less serious damage. The number of deaths reached 2158, of which 1507 were Ottoman subjects, Moslem or Jewish, and 651 were foreigners (AM after Thomson 1837; Waghorn 1837; Liebentrut 1854; Gu´ erin 1880; Mitford 1884).",Unknown,-1.00000000,359,C-N
722,298E6A51-CC52-4806-9266-8CE38BA95E52,Tiberias,193,1837 Jan 01  (16:35),1837.00000000,MA,7.10000000,35.54223594,32.78604531,Very High,SF,"Changes in the flow of Springs, appearance or disappearance  of spring",-1,Hydrologic phenomena’s,"About two thirds of the houses in Tiberias, most of them built of stone masonry, together with a large part of the walls, the bazaar, minarets, the mosque and the church of St Peter, collapsed, killing 922 people, of whom 500 were Jews, 300 Moslems and 22 Christians, and injuring 65. These figures may include casualties from 17 settlements in the environs, which were destroyed but are not named in the returns. The castle was ruined, and its towers began to lean. The baths, which had been built in 1833, were not damaged, but the yield of the hot spring and fountains increased temporarily. The town was not restored until after 1846 ([1, 6]; Thomson 1837; 1859; Shkelov 1837; Olim 1843; Montefiori 1844; F¨ urst 1847; Beldam 1851; Robinson 1856; Pfeiffer 1856; Frankl 1858; Kerhardene 1859; Jenner 1873; Layard 1887; Italiander 1979) (AM). 
Damaged localities: The walls, bazzar, minarets, mosque, St. Peter Church, the Castle, the baths (built in 1833), ‘Sephardim’, ‘Hasidim’ and ‘Prushim’ Synagogues localities around Tiberias: Lubiya, Kafr Sabt, Shadjara, Kafr Kenna, Saffuriya, Reina, around Lake Tiberias: Simakh was destroyed and 5 people were killed Hadatha, Alam, Sirin, Kherbet Baka’a and Danna were partly ruined without loss of life. In the Bahsan, fire was seen coming out of the ground",Unknown,-1.00000000,359,C-N
754,DA8E5967-B9B3-47EE-99BB-1B767B08C6E5,Antakya,193,1837 Jan 01  (16:35),1837.00000000,MA,7.10000000,36.16000000,36.20000000,Very High,GC,Geomorphologic changes/Ground shifts,-1,Ground breakage,In Antioch ground movements were slow and lasted intermittently for a long time.,Unknown,-1.00000000,359,C-N
768,813FF560-7792-4F51-ACA0-D1BDB4DDF839,Sea of Gali,193,1837 Jan 01  (16:35),1837.00000000,MA,7.10000000,35.58000000,32.80000000,Moderate,SW,Sea waves,-1,Sea phenomena,"It is said that waves flooded the coast of Lake Tiberias, but it is not clear whether this happened before, during or after the earthquake (AM after Shkelov 1837; Kerhardene 1859).",Unknown,-1.00000000,359,C-N
823,21E5701C-EE5B-4DDE-BECD-C5C9A614822E,Bekaa (A),187,1759 Nov 25 ( 19:23),1759.30000000,FMA,7.30000000,36.14000000,34.00000000,Very High,GB,"Ground breakage, fissures",-1,Ground breakage,Northwest to baalbek.,Unknown,-1.00000000,319,C-N
852,D843F5FD-6514-4334-BECA-02539A39DD12,Judea (A),246,c.2100-1700 BCE,-1900.00000000,S,NULL,35.35000000,32.08000000,Poor,GE,Exhalation or emission of gas,19,Gas exhalation,"The possibilities of an earthquake damage, volcanic eruption or gas emission are controversial and need further verification (AM)",9-10,9.50000000,4,C
855,93F14479-704C-4AEB-A37C-0FE08F683F24,Akko,440,139 BCE,-139.00000000,S,NULL,35.07000000,32.92000000,Doubtful,SW,Sea waves,-1,Sea phenomena,AM (p.95) questions the report of Starbo,8 - HEAVILY DAMAGING,8.00000000,28,C
856,5472F125-084A-49EE-BE2A-AADB2C17C1C2,Sidon,440,139 BCE,-139.00000000,S,NULL,35.37000000,33.56000000,Poor,SW,Sea waves,-1,Sea phenomena,AM (p.95) questions the report of Starbo,8 - HEAVILY DAMAGING,8.00000000,28,C
858,E0A3CC35-34B4-4C7A-99A6-8B69DCCFA2BF,Syria (A),48,c.431 Apr 7,431.00000000,MA,NULL,37.03000000,34.93000000,Poor,VE,Volcanic Eruption,-1,Gas exhalation,NULL,Unknown,-1.00000000,62,N
874,DA8E5967-B9B3-47EE-99BB-1B767B08C6E5,Antakya,53,526 May 29 (evening),526.00000000,FMA,NULL,36.16000000,36.20000000,Very High,LQ,Liquefaction,-1,Hydrologic phenomena’s,NULL,Unknown,-1.00000000,75,N
885,54940287-BFD8-47A7-A951-32641BD25265,Sodom and Ghomorrah,246,c.2100-1700 BCE,-1900.00000000,S,NULL,35.50000000,31.20000000,Poor,GE,Exhalation or emission of gas,16,Gas exhalation,Following AM,9 - DESTRUCTIVE,9.00000000,4,C
886,5FF09D79-F2EC-4C83-9A69-1D3A670C7958,Zoar,246,c.2100-1700 BCE,-1900.00000000,S,NULL,35.46000000,30.99000000,Poor,U,Unknown,-1,"Unknown ",Zoar was spared (AM),Unknown,-1.00000000,4,C
887,52102D82-2036-41AA-9887-9CDF79854DC0,Admah,246,c.2100-1700 BCE,-1900.00000000,S,NULL,35.45000000,31.07000000,Poor,U,Unknown,-1,"Unknown ",Admah was destroyed (AM),Unknown,-1.00000000,4,C
888,46CC765A-72C2-4DED-BF18-8A43F7272DBB,Ze'boim,246,c.2100-1700 BCE,-1900.00000000,S,NULL,35.47000000,31.04000000,Poor,U,Unknown,-1,"Unknown ",Ze'boim was destroyed (AM),Unknown,-1.00000000,4,C
889,C4166415-0697-447A-B77C-2DBE634B82CB,Jericho,247,c.1400 BCE,-1400.00000000,S,NULL,35.46264709,31.86013890,Poor,U,Unknown,-1,"Unknown ",The collapse of the Jericho walls allegedly attributed to an earthquake (see discussion in AM),Unknown,-1.00000000,6,C
891,46244C9E-C39A-46C6-9F1F-9464FB1798BF,Ugarit,461,c.1365 BCE,-1365.00000000,S,NULL,35.80000000,35.65000000,Poor,SW,Sea waves,-1,Sea phenomena,TODO,Unknown,-1.00000000,7,N
905,8B0ECE77-755E-4497-BE34-6EA7DCB86A9C,Baalbeq,71,749/Early 750,749.00000000,FM,7.20000000,36.20000000,34.00000000,Moderate,LQ,Liquefaction,-1,Hydrologic phenomena’s,NULL,Unknown,-1.00000000,111,C
908,2BB31895-5D02-40FB-A036-9854A01F6199,Mt. Tabor,71,749/Early 750,749.00000000,FM,7.20000000,35.39000000,32.68000000,High,LD,Landslides,-1,Slope Stability,NULL,Unknown,-1.00000000,111,C
928,32CCC3A0-A7EE-46D7-92AA-6818C0DB8787,Caesarea,33,115 Dec 13  (morning),115.00000000,MA,7.40000000,34.89000000,32.50000000,Poor,TS,Tsunami,-1,Sea phenomena,"DG have concluded tsunami. However, according to SAL2, the tsunami is questionable and needs further verification.",Unknown,-1.00000000,43,N
929,B7621C1D-1085-4C61-A230-5F35737E8E5D,Yavne,33,115 Dec 13  (morning),115.00000000,MA,7.40000000,34.74000000,31.87000000,Poor,TS,Tsunami,-1,Sea phenomena,The alledged tsunami is questionable (SAL2),Unknown,-1.00000000,43,N
930,DA8E5967-B9B3-47EE-99BB-1B767B08C6E5,Antakya,50,458 Sep 14,458.00000000,MA,NULL,36.16000000,36.20000000,High,GB,"Ground breakage, fissures",-1,Ground breakage,NULL,Unknown,-1.00000000,68,N
949,59D7B303-2E4B-4FE5-980B-0CE1F3F60BD6,Darayya,79,847 Nov 24,847.00000000,Unknown,NULL,36.25000000,33.45000000,Poor,WO,"Overflow, watercourse changes",-1,Hydrologic phenomena’s,NULL,Unknown,-1.00000000,119,C-N
950,D10B2F3F-65B2-4705-8AC7-8540AF65D5A0,Israel coast (A),97,1033 Dec 5 (night),1033.00000000,MA,6.80000000,34.83000000,32.28000000,Poor,TS,Tsunami,-1,Sea phenomena,NULL,Unknown,-1.00000000,138,C
958,DA8E5967-B9B3-47EE-99BB-1B767B08C6E5,Antakya,109,1091 Sep 26,1091.20000000,MA,NULL,36.16000000,36.20000000,High,LD,Landslides,-1,Slope Stability,"Many houses and the Church of Our Lady collapsed, but there is no evidence that the shock caused great loss of life. A part of the rampart and 70 or 90 of its outer towers were ruined. The worst damage was to the northwest section of the city walls in the plain between the Gate of the Sea (Bab al-Bahr) and the Gate of Persia (Bab-Faris), which lost 32 towers.
As a result of the earthquake the River Orontes (al-Asi) changed its course, and flowed into the centre of the city, which added to the damage. This was probably due to landslides triggered by the shock upstream of Antioch.",Unknown,-1.00000000,153,N
971,C248A026-2D29-427B-91A5-2A7EEEC5C928,Azrab,454,1138 Oct 11,1138.00000000,MA,NULL,36.81000000,36.71000000,Moderate,GB,"Ground breakage, fissures",-1,Ground breakage,NULL,Unknown,-1.00000000,173,N
976,D5ADE834-E702-4F8D-BDF8-3D750C12A6D1,Al-Raqqa,454,1138 Oct 11,1138.00000000,MA,NULL,39.01000000,35.95000000,Poor,GB,"Ground breakage, fissures",-1,Ground breakage,NULL,Unknown,-1.00000000,173,N
1003,6C37CC8B-7F51-4557-BA02-A7A23966EFD3,Aleppo,132,1181 Feb 25,1181.00000000,S,NULL,37.15000000,36.21000000,Poor,LD,Landslides,-1,Slope Stability,damage to Halleb and Surrounding villages,Unknown,-1.00000000,220,N
1008,93F14479-704C-4AEB-A37C-0FE08F683F24,Akko,140,1261,1261.20000000,S,NULL,35.07000000,32.92000000,Poor,GC,Geomorphologic changes/Ground shifts,-1,Ground breakage,NULL,Unknown,-1.00000000,227,C
1009,11A1487E-27D7-4A7E-B810-B9BDB80B99B0,Damascus,141,1284,1284.00000000,S,NULL,36.29000000,33.51000000,Moderate,WO,"Overflow, watercourse changes",-1,Hydrologic phenomena’s,"damage: the wall around bab al-Faradis, school of Muqaddamyya, River Barada",Unknown,-1.00000000,229,C-N
1013,6E2CEDE8-41A6-499F-A541-4F874BED5F05,Barin,148,1306-1307,1306.00000000,S,NULL,36.41000000,34.93000000,Poor,LD,Landslides,-1,Slope Stability,No reference of earthquake but landslide,Unknown,-1.00000000,235,C-N
1014,DA8E5967-B9B3-47EE-99BB-1B767B08C6E5,Antakya,149,1319,1319.00000000,S,NULL,36.16000000,36.20000000,Poor,GC,Geomorphologic changes/Ground shifts,-1,Ground breakage,Report of vauge damage with no reference of earthquake,Unknown,-1.00000000,237,N
1015,E0A3CC35-34B4-4C7A-99A6-8B69DCCFA2BF,Syria (A),150,1323,1323.00000000,S,NULL,37.03000000,34.93000000,Poor,CS,Clouding of Springs,-1,Hydrologic phenomena’s,NULL,Unknown,-1.00000000,239,C-N
1024,8223F9C3-DAC0-4A60-A56D-A9AE237D5D60,al-Marqab Citadel,310,1404 Feb 20,1404.00000000,FMA,NULL,35.94961990,35.15100760,High,U,Unknown,-1,"Unknown ",Vibration in NE-SW plane. It damaged the southern tower + NW corner of the donjon. It occurred after 1285. Candidates are the 1404 and 1759 (KM),Unknown,-1.00000000,247,N
1032,3F288565-FC76-43E9-82DA-5C8EAC9DA7D2,Qusayr [TR],312,1408 Dec 29,1408.00000000,C,7.50000000,36.18000000,36.05000000,High,GB,"Ground breakage, fissures",-1,Ground breakage,NULL,Unknown,-1.00000000,250,N
1033,88944A91-038E-4C61-A400-EE0E59247CC1,Saltuham,312,1408 Dec 29,1408.00000000,C,7.50000000,35.17705924,32.46398081,Moderate,GB,"Ground breakage, fissures",-1,Ground breakage,NULL,Unknown,-1.00000000,250,N
1034,4A78820E-B699-4C82-93FE-5E937DCC35E3,N. Lebanease Coast (A),312,1408 Dec 29,1408.00000000,C,7.50000000,35.71000000,34.01000000,Moderate,SW,Sea waves,-1,Sea phenomena,NULL,Unknown,-1.00000000,250,N
1061,8E326C44-F167-4063-A7FB-8B4014B01FB6,Shaizar,270,1157 Aug 12 (night),1157.70000000,FMA,7.20000000,36.56000000,35.25000000,Very High,LD,Landslides,-1,Slope Stability,"damage: Castle, Citadel, Shalimar",Unknown,-1.00000000,198,N
1064,D94DC49F-6AFE-4CAF-8198-7DE4D8163488,Apamea,270,1157 Aug 12 (night),1157.70000000,FMA,7.20000000,36.39000000,35.41000000,Very High,LD,Landslides,-1,Slope Stability,"damage: Citadel, Castle",Unknown,-1.00000000,198,N
1081,252F6859-A330-41AD-9210-3FC8730D7E2A,Latakia,270,1157 Aug 12 (night),1157.70000000,FMA,7.20000000,35.77000000,35.51000000,High,LQ,Liquefaction,-1,Hydrologic phenomena’s,NULL,Unknown,-1.00000000,198,N
1088,B9889765-A642-48DD-940E-B1C8CA7B90B5,Harran,270,1157 Aug 12 (night),1157.70000000,FMA,7.20000000,39.03000000,36.87000000,Poor,GC,Geomorphologic changes/Ground shifts,-1,Ground breakage,NULL,Unknown,-1.00000000,198,N
1098,8B0ECE77-755E-4497-BE34-6EA7DCB86A9C,Baalbeq,131,1170 Jun 29 (0345),1170.00000000,FM,7.30000000,36.20000000,34.00000000,High,GB,"Ground breakage, fissures",-1,Ground breakage,"walls, Citadel",Unknown,-1.00000000,219,N
1104,11A1487E-27D7-4A7E-B810-B9BDB80B99B0,Damascus,131,1170 Jun 29 (0345),1170.00000000,FM,7.30000000,36.29000000,33.51000000,High,WO,"Overflow, watercourse changes",-1,Hydrologic phenomena’s,damage: the Great mosque,Unknown,-1.00000000,219,N
1105,6C37CC8B-7F51-4557-BA02-A7A23966EFD3,Aleppo,131,1170 Jun 29 (0345),1170.00000000,FM,7.30000000,37.15000000,36.21000000,High,LQ,Liquefaction,-1,Hydrologic phenomena’s,damage: Citadel,Unknown,-1.00000000,219,N
1107,DA8E5967-B9B3-47EE-99BB-1B767B08C6E5,Antakya,131,1170 Jun 29 (0345),1170.00000000,FM,7.30000000,36.16000000,36.20000000,High,GB,"Ground breakage, fissures",-1,Ground breakage,"damage: Cathedral Church of St. Peter, St. Comma Church",Unknown,-1.00000000,219,N
1125,22ECD9ED-EB41-4957-A438-E90C1F3A2211,Jaffa,169,1546 Jan 14 (Afternoon),1546.00000000,MA,6.50000000,34.75000000,32.05000000,Poor,SW,Sea waves,-1,Sea phenomena,NULL,Unknown,-1.00000000,276,C
1127,F77F71CF-12FB-4ED6-9A18-59E43AE21A7D,Maa'yan Elisha,169,1546 Jan 14 (Afternoon),1546.00000000,MA,6.50000000,35.43000000,31.87000000,High,SF,"Changes in the flow of Springs, appearance or disappearance  of spring",-1,Hydrologic phenomena’s,NULL,Unknown,-1.00000000,276,C
1128,DFB96483-FF1B-420F-87E7-19E8073CEEE6,Jordan River (A),169,1546 Jan 14 (Afternoon),1546.00000000,MA,6.50000000,35.53000000,31.82000000,Moderate,SF,"Changes in the flow of Springs, appearance or disappearance  of spring",-1,Hydrologic phenomena’s,NULL,Unknown,-1.00000000,276,C
1156,D1AB9A15-E13E-4C44-887C-BAD9F89AB515,Hermon Mt.,187,1759 Nov 25 ( 19:23),1759.30000000,FMA,7.30000000,35.70000000,33.25000000,High,LD,Landslides,-1,Slope Stability,NULL,Unknown,-1.00000000,319,C-N
1157,A4DEE2D3-6D32-4567-8091-CBC8AD5D24FF,Niha Mt. (U),187,1759 Nov 25 ( 19:23),1759.30000000,FMA,7.30000000,36.84534727,34.34394914,High,LD,Landslides,-1,Slope Stability,NULL,Unknown,-1.00000000,319,C-N
1160,CEC7A6FA-E745-44CC-ACCD-ADC82319E38F,Shilfatia (U),187,1759 Nov 25 ( 19:23),1759.30000000,FMA,7.30000000,35.16631549,32.90716072,High,LD,Landslides,-1,Slope Stability,NULL,Unknown,-1.00000000,319,C-N
1161,6E023ED7-DD2B-409F-882A-0D7A8DDC7EA5,Massar ash-Shuf,187,1759 Nov 25 ( 19:23),1759.30000000,FMA,7.30000000,35.74303692,33.66669386,High,SF,"Changes in the flow of Springs, appearance or disappearance  of spring",-1,Hydrologic phenomena’s,NULL,Unknown,-1.00000000,319,C-N
1290,591F6197-B17E-4552-965F-43A061F36404,Dead Sea East (A),376,1848 Apr 26,1848.00000000,S,4.50000000,35.57000000,31.62000000,Poor,LD,Landslides,-1,Slope Stability,NULL,Unknown,-1.00000000,374,C
1397,1EBBDB95-7238-4136-BC07-DD8639C73F05,Tyre,193,1837 Jan 01  (16:35),1837.00000000,MA,7.10000000,35.21000000,33.26000000,Very High,LD,Landslides,-1,Slope Stability,"On the coast, Sur suffered considerable damage; 40 houses, presumably old ones, collapsed on the island, killing 16 and injuring 36 people. There is some evidence that as a result of this earthquake the eastern coast of the north harbour slumped (AM based on Thomson 1837; Waghorn 1837; Bertou 1843; Prutz 1876)",Unknown,-1.00000000,359,C-N
1432,98BD1CF7-F427-401D-8B44-5B0A30B6283D,Ein-Gedi,463,525 BCE,-525.00000000,S,NULL,35.39000000,31.46000000,Moderate,U,Unknown,-1,"Unknown ",MIG and KAG have correlated seismites with this earthquake. Most likely damage was present in the close vicinity,Unknown,-1.00000000,17,C-N
1436,372EE9DF-BD1C-4FE4-8BAF-B7DEDDA3BCA8,Jerusalem,18,92 Feb 28 BCE,-92.00000000,S,NULL,35.23202273,31.77792538,Doubtful,U,Unknown,-1,"Unknown ",AM (p.96) and KA2 question the entry in BM5 concerning the reliability of this event and elaborate the sequence of sources leading to a potential spurious event.,Unknown,-1.00000000,29,C
1605,372EE9DF-BD1C-4FE4-8BAF-B7DEDDA3BCA8,Jerusalem,20,31 early spring BCE,-31.00000000,S,6.70000000,35.23202273,31.77792538,Doubtful,U,Unknown,-1,"Unknown ",AM following AAT,Unknown,-1.00000000,34,C
1606,DC4BC529-AC3D-49AD-8E5C-D570BC79FCAD,Masada,20,31 early spring BCE,-31.00000000,S,6.70000000,35.35000000,31.31000000,Doubtful,U,Unknown,-1,"Unknown ",AM following KA3 omits damage to Masada,Unknown,-1.00000000,34,C
1607,B9B7A258-472B-4328-B2BB-0FB2994BB34D,Shivta,20,31 early spring BCE,-31.00000000,S,6.70000000,34.63000000,30.87000000,Doubtful,GB,"Ground breakage, fissures",-1,Ground breakage,Following RH,8 - HEAVILY DAMAGING,8.00000000,34,C
1608,BF918D77-81C4-413C-9E15-935160D05A5D,Rehovot ba-Negev,20,31 early spring BCE,-31.00000000,S,6.70000000,34.56000000,31.02000000,Doubtful,GB,"Ground breakage, fissures",-1,Ground breakage,Following RH,8 - HEAVILY DAMAGING,8.00000000,34,C
1609,8695F122-8D5A-4FE5-B1CF-9ADFFBE254D2,Raphiah,20,31 early spring BCE,-31.00000000,S,6.70000000,34.24000000,31.29000000,Doubtful,U,Unknown,-1,"Unknown ",Following SI,Unknown,-1.00000000,34,C
1610,8A4E94FD-E53B-489B-810C-DB75BF8D0DBA,Nizanna,246,c.2100-1700 BCE,-1900.00000000,S,NULL,34.43000000,30.87000000,Doubtful,U,Unknown,-1,"Unknown ",TODO: verify,Unknown,-1.00000000,4,C
2005,EDE84FDF-2D1A-4531-BE29-796125D05551,Orontes,33,115 Dec 13  (morning),115.00000000,MA,7.40000000,36.41000000,35.52000000,Moderate,LD,Landslides,-1,Slope Stability,NULL,Unknown,-1.00000000,43,N
2008,E753D4C6-F43F-4820-A0E2-71D54B791E56,Tel Rehov,589,980-830 BCE (Iron age ||A),-980.00000000,S,NULL,35.49000000,32.45000000,Poor,U,Unknown,-1,"Unknown ","Earthquake that damaged Tel Rehov at late 10th until the early 9th century BCE. The linkage to this earthquake (980-830 BCE (Iron age ||A)) is to be clarified. Reference: Ben-Yosef, E., & Ron, H. (2016). Reconstructing a Seismic Destruction at Tel Rehov: Insights from a Plaeomagnetic Test on Tilted Walls in Area C, Stratum V. In A. Mazar & N. Panitz-Cohen (Eds.), Tel Rehov: The 1997-2012 excavations Jerusalem: Qedem.",Unknown,-1.00000000,12,C-N
2009,83987057-41DC-45CD-9A3E-EDBEF186542E,Qiryat Shemona-EEA (A),97,1033 Dec 5 (night),1033.00000000,MA,6.80000000,35.55000000,33.19000000,Moderate,RF,Rock falls,-1,Other,"Reference: Kanari, M., Katz, O., Weinberger, R., Porat, N., & Marco, S. (2019). Evaluating earthquake-induced rockfall hazard near the Dead Sea Transform. Nat. Hazards Earth Syst. Sci., 19(4), 889-906. doi:10.5194/nhess-19-889-2019",Unknown,-1.00000000,138,C
2010,83987057-41DC-45CD-9A3E-EDBEF186542E,Qiryat Shemona-EEA (A),45,363 May 18-19 (3rd hour-night),363.00000000,MA,6.70000000,35.55000000,33.19000000,Moderate,RF,Rock falls,-1,Other,"One cannot completely rule out the possibility that these were two separate rockfall events, both triggered by large earthquakes in 363 and 502/551CE. Reference: Kanari, M., Katz, O., Weinberger, R., Porat, N., & Marco, S. (2019). Evaluating earthquake-induced rockfall hazard near the Dead Sea Transform. Nat. Hazards Earth Syst. Sci., 19(4), 889-906. doi:10.5194/nhess-19-889-2019",Unknown,-1.00000000,56,C
2011,83987057-41DC-45CD-9A3E-EDBEF186542E,Qiryat Shemona-EEA (A),14,c.198 BCE,-198.00000000,Unknown,NULL,35.55000000,33.19000000,Moderate,RF,Rock falls,-1,Other,KKW note rockfalls after this event in northen Palestine.,8-9,8.50000000,23,C-N
2012,83987057-41DC-45CD-9A3E-EDBEF186542E,Qiryat Shemona-EEA (A),8,c.760-750 BCE,-760.00000000,S,7.83000000,35.55000000,33.19000000,Moderate,RF,Rock falls,-1,Other,Dated rockfalls (after KKW),8 - HEAVILY DAMAGING,8.00000000,15,C
2013,83987057-41DC-45CD-9A3E-EDBEF186542E,Qiryat Shemona-EEA (A),246,c.2100-1700 BCE,-1900.00000000,S,NULL,35.55000000,33.19000000,Doubtful,RF,Rock falls,-1,Other,KKW suggest rock falls close to Qiryat Shemona . Could be the the 2050/2100 BCE earthquake (or two separate events) suggested by MIG,7-8,7.50000000,4,C
2014,83987057-41DC-45CD-9A3E-EDBEF186542E,Qiryat Shemona-EEA (A),593,c. 8.4–9.0 ka BCE,-8000.00000000,Unknown,NULL,35.55000000,33.19000000,Moderate,RF,Rock falls,-1,Other,KKW have identified rock falls close to Qiryat Shemona (northern Israel). Could be the event between c. 8.4–9.0 ka BCE resolved by DAKL.,7-8,7.50000000,2,N
2015,7D1B7C8E-7C0C-4BBD-B883-E8A74DF58B9D,Kh. el-Manhata,134,1202 May 20 (0240),1202.00000000,MA,7.50000000,35.23000000,33.04000000,Moderate,U,Unknown,-1,"Unknown ","Reference: Khamisy, R. (2017). Archaeological remains of the 1202 earthquake in the Frankish village of Tarphile/Khirbat al-Man?ata. Levant, 49(3), 333-341.",Unknown,-1.00000000,222,C-N
2030,473EF033-C9A0-424D-AF14-EF7F33690621,Jatt,193,1837 Jan 01  (16:35),1837.00000000,MA,7.10000000,35.32000000,33.02000000,Unknown,U,Unknown,-1,"Unknown ","Kafr Sumei was totally ruined. However, just west
of these villages, Jatt was probably not seriously damaged
(AM after Thomson 1837).",Unknown,-1.00000000,359,C-N
2031,1350C2D8-4124-4A70-A376-365B3553320E,I'bllin,193,1837 Jan 01  (16:35),1837.00000000,MA,7.10000000,35.19000000,32.82000000,Unknown,U,Unknown,-1,"Unknown ","Evlayin suffered relatively little and its minaret was left standing, but in nearby Shefar’am 86 houses were ruined and 139 heavily damaged (AM)",Unknown,-1.00000000,359,C-N
2032,11852F51-C018-4627-83E2-5D15A084CBFA,Bashan (A),193,1837 Jan 01  (16:35),1837.00000000,MA,7.10000000,35.99000000,32.44000000,Unknown,GE,Exhalation or emission of gas,-1,Gas exhalation,"In the Bashan, allegedly, fire was seen coming out
of the ground (AM after Calman 1837, Thomson 1837, Robinson
1856).",Unknown,-1.00000000,359,C-N
2034,591F6197-B17E-4552-965F-43A061F36404,Dead Sea East (A),193,1837 Jan 01  (16:35),1837.00000000,MA,7.10000000,35.57000000,31.62000000,Unknown,AC,Asphalt casting,-1,Other,"Allegedly, after the earthquake large masses of bitumen were seen floating in the Dead Sea (AM after Robinson 1856)",Unknown,-1.00000000,359,C-N
2058,4520A2B1-6528-4B59-866E-DCCEB3D71177,Tel Deir Alla,8,c.760-750 BCE,-760.00000000,S,7.83000000,35.60000000,32.10000000,Doubtful,U,Unknown,-1,"Unknown ","AM follows archaeoseismic data (Dever 1992, 35, n. 10; Lemaire 1997, 139=750; Knauf 2002) and suggest the location was damaged by an earthquake, probably the one mentioned in Amos. Although there is no historical support, we grant a moderate credibility degree to the archaeoseismic findings.
AUS determine MMI = 9",Unknown,-1.00000000,15,C
2061,015ED4F2-DCDE-4114-96D2-49D2414AE9F7,Tel Abu en-Ni’aj,246,c.2100-1700 BCE,-1900.00000000,S,NULL,35.56572537,32.42616833,Doubtful,U,Unknown,-1,"Unknown ",FR suggest potential damage due to an earthquake in ~2300 BCE (Following Savage 2003),Unknown,-1.00000000,4,C
2065,31DF06E9-E49F-414F-AD9E-C757B33F6546,Khirbat Iskandar,246,c.2100-1700 BCE,-1900.00000000,S,NULL,35.76605856,31.57339144,Doubtful,U,Unknown,-1,"Unknown ",FR suggest potential damage due to an earthquake in ~2300 BCE (Following Savage 2003),Unknown,-1.00000000,4,C
2069,334CBE97-4FE2-4EDD-857E-135707732A21,Khirbat al-Mafjar,97,1033 Dec 5 (night),1033.00000000,MA,6.80000000,35.46008175,31.88377680,Moderate,U,Unknown,-1,"Unknown ","Following ACV analysing the damage to the Hisham palace. The evidence is supported by the damage evidence to the nearby Jericho (AM, GC)",Unknown,-1.00000000,138,C
2071,D6CF1DC5-D0FB-4D3A-B54B-FF5E03B0AA56,Tel Ateret,134,1202 May 20 (0240),1202.00000000,MA,7.50000000,35.62773538,33.00463080,Moderate,GB,"Ground breakage, fissures",-1,Ground breakage,Following excavations in Tell Ateret of EMK,11 - DEVASTATING,11.00000000,222,C-N
2073,D6CF1DC5-D0FB-4D3A-B54B-FF5E03B0AA56,Tel Ateret,187,1759 Nov 25 ( 19:23),1759.30000000,FMA,7.30000000,35.62773538,33.00463080,Moderate,GB,"Ground breakage, fissures",-1,Ground breakage,Following excavations in Tell Ateret of EMK. The earthquake identification might be also the one that occurred in 1759 October,11 - DEVASTATING,11.00000000,319,C-N
2074,D6CF1DC5-D0FB-4D3A-B54B-FF5E03B0AA56,Tel Ateret,589,980-830 BCE (Iron age ||A),-980.00000000,S,NULL,35.62773538,33.00463080,Moderate,GB,"Ground breakage, fissures",-1,Ground breakage,Following excavations in Tell Ateret of EMK,11 - DEVASTATING,11.00000000,12,C-N
2075,D6CF1DC5-D0FB-4D3A-B54B-FF5E03B0AA56,Tel Ateret,588,142 BCE,-142.00000000,S,NULL,35.62773538,33.00463080,Moderate,GB,"Ground breakage, fissures",-1,Ground breakage,Following excavations in Tel Ateret by EMK,9-10,9.50000000,27,C-N
2077,074B5802-672B-4A17-A933-700A78E1D7AF,Roman Theater/Tiberias,71,749/Early 750,749.00000000,FM,7.20000000,35.54381513,32.77441350,Moderate,U,Unknown,-1,"Unknown ",FKH dates the destruction to the Roman Theater to mid-8th century CE. It can be this event but perhaps the one before or the one after,Unknown,-1.00000000,111,C
2078,25B1CC41-24D1-444F-A42C-04B58CFAA1BD,Umm-El-Qanatir,71,749/Early 750,749.00000000,FM,7.20000000,35.72985906,32.84343589,Moderate,GB,"Ground breakage, fissures",1,Ground breakage,"The destruction, which forced the abandonment of Umm-El-Qanatir together with nearby settlements, was associated with the earthquake of January 18, 749 CE (WE)",9-10,9.50000000,111,C
2079,771D0E26-1645-4ECF-8C48-566B27ED6D4E,Tel Yavneh,65,659 Jun 7 (659 Sep-660 Aug),659.00000000,MA,6.60000000,34.74834311,31.86515249,Moderate,U,Unknown,-1,"Unknown ","LYT proposed that the kiln
went out of use due to the early June 659 CE earthquake. They also propose that the recovery of the Yavneh
workshops was no longer economically worthwhile, maybe in part due to changes in economic and political conditions in the region following the Muslim conquest",Unknown,-1.00000000,98,C
2080,D16FE6D2-DEBE-42CB-9B5E-4900D551CA79,Miʿilyā,134,1202 May 20 (0240),1202.00000000,MA,7.50000000,35.25706604,33.02771860,Moderate,U,Unknown,-1,"Unknown ","Archaeological remains show that it was severe–violent with high intensity, probably VIII+ (KH)",Unknown,-1.00000000,222,C-N
2081,AA35A5ED-3ADB-4654-B3E7-8F53EE7D1413,Holy Mt./Temple,8,c.760-750 BCE,-760.00000000,S,7.83000000,35.23555404,31.77788817,Moderate,U,Unknown,-1,"Unknown ","AM & GCT following Josephus in his Antiquities of the Jews. Accordingly, the earthquake cause a crack in the Temple at Jerusalem. Also Nathan ha-Bavli (was writing in the middle of the second century AD) saying that at the time of the desecration of the temple by Uzziah, the temple split open and the fissure extended for twelve ‘miles’.
AUS determine MMI = 9",Unknown,-1.00000000,15,C
2083,3984008F-D0EA-408F-B5F8-84D35198CB95,Ein-Rogel,8,c.760-750 BCE,-760.00000000,S,7.83000000,35.22000000,31.76000000,Moderate,LD,Landslides,-1,Slope Stability,"AM following Josephus in his Antiquities of the Jews. Accordingly, half of the mountain in the west broke off from the rest and slid 800 m up to the mountain on the east, spoiling the king’s gardens",9 - DESTRUCTIVE,9.00000000,15,C
2084,6E54B347-F84F-4389-8723-57DB1502B5DE,Ben Hinnom Valley (A),8,c.760-750 BCE,-760.00000000,S,7.83000000,35.22640000,31.77100000,Moderate,LD,Landslides,-1,Slope Stability,GCT based on Josephus and Natan HaBavli note a possible landslide at the Valley of Hinnom,8-9,8.50000000,15,C
2085,93E3043A-F807-4403-BDAD-0F82C9246153,Tekoah,8,c.760-750 BCE,-760.00000000,S,7.83000000,35.22930000,31.65230000,Doubtful,U,Unknown,-1,"Unknown ","Following the book of Amos 1.1 that lived in Tekoa. Considering the earthquake was well remembered and narrated, it probably caused also damge in Teqoa, home origin of Amos, although his prophecy was in Bethel (Amos 7.13).",Unknown,-1.00000000,15,C
2086,463CF28B-57FF-4363-A369-48F3947ABB08,Bethel,8,c.760-750 BCE,-760.00000000,S,7.83000000,35.24130000,31.92270000,Moderate,U,Unknown,-1,"Unknown ","AUS cites Kelso 1968 and mention damage to Bethel after Amos 3. 14-15; 9.1 with linkage to the c.760-750 BCE. The prophecy of Amos was in Bethel (Amos 7.13)and thus it is resonable to assume Bethel was heavily damaged.
AUS determine MMI = 9",Unknown,-1.00000000,15,C
2087,84840C32-7F62-4497-B8FE-1D6E85D21C13,Tel Erany,8,c.760-750 BCE,-760.00000000,S,7.83000000,34.77160000,31.60610000,Doubtful,U,Unknown,-1,"Unknown ","AUS note of unspesidied damage that may be linked with this eathquake.
AUS determine MMI = 8",Unknown,-1.00000000,15,C
2088,05117A09-21B8-42F8-9C6A-3DC36493AA49,Tel Judeidah,8,c.760-750 BCE,-760.00000000,S,7.83000000,34.91660000,31.63330000,Doubtful,U,Unknown,-1,"Unknown ","AUS after Gibson 1994 suggest a damage to Tel Judeideh. The later is close to Lachish and thus had Lachish was damaged, surely it occurred in Tel Judeideh as well
AUS determine MMI = 8",Unknown,-1.00000000,15,C
2089,1CC5BC2C-99DA-4479-B8BB-A6FEF8BCF5BF,Ein Hatseva,8,c.760-750 BCE,-760.00000000,S,7.83000000,35.24000000,30.80000000,Doubtful,U,Unknown,-1,"Unknown ","AUS mention damage to En Hazeva (after Cohen and Yisrael, 1995).
AUS determine MMI = 7",Unknown,-1.00000000,15,C
2103,8B0ECE77-755E-4497-BE34-6EA7DCB86A9C,Baalbeq,70,c.746 Jan,746.00000000,MA,7.20000000,36.20000000,34.00000000,Moderate,WC,Changes in water chemistry,-1,Hydrologic phenomena’s,"Some parts of Baalbek collapsed, and the spring there temporarily turned red (AM)",8 - HEAVILY DAMAGING,8.00000000,110,N
2104,D744E9B4-E0A5-4E5B-A5F1-6695B807B5C7,Ghutah,70,c.746 Jan,746.00000000,MA,7.20000000,36.42000000,33.49000000,Moderate,U,Unknown,-1,"Unknown ","In the surrounding, well-watered and fertile plain of Ghautah damage and loss of life was considerable, particularly at Daraiya (AM)",Unknown,-1.00000000,110,N
2105,59D7B303-2E4B-4FE5-980B-0CE1F3F60BD6,Darayya,70,c.746 Jan,746.00000000,MA,7.20000000,36.25000000,33.45000000,Moderate,U,Unknown,-1,"Unknown ","In the surrounding, well-watered and fertile plain of Ghautah damage and loss of life was considerable, particularly at Daraiya (AM)",Unknown,-1.00000000,110,N
2107,54D2D679-7DDB-4FD5-86BD-25062FE8EDCE,Dara'a,70,c.746 Jan,746.00000000,MA,7.20000000,35.97000000,32.59000000,Doubtful,U,Unknown,-1,"Unknown ","It is said that, further south, Nawa and Deraat were destroyed (AM)",Unknown,-1.00000000,110,N
2109,C470B1FC-CE33-4D91-92A3-BA609DEA3F47,Unknown,70,c.746 Jan,746.00000000,MA,7.20000000,-1.00000000,-1.00000000,Doubtful,U,Unknown,-1,"Unknown ","[TODO - locate this site] A fortress at Beit Qoubaya was completely destroyed and more than 80 people were killed, in addition to those who perished in the town. The location of Beit Qoubaya is uncertain. There is a site in northern Lebanon called al-Qubayyat (35.57? N, 36.29? E) southwest of Homs. However, damage to Homs, an important
urban centre, is not mentioned (AM).",Unknown,-1.00000000,110,N
2110,298E6A51-CC52-4806-9266-8CE38BA95E52,Tiberias,70,c.746 Jan,746.00000000,MA,7.20000000,35.54223594,32.78604531,Moderate,U,Unknown,-1,"Unknown ","West of Daraat, Tiberias was almost totally destroyed, including 30 Jewish synagogues, the baths of
Solomon and the edifice of a purgative spring; all these
buildings disappeared. (This was first suggested by Margaliot
(1941).) It is said that at Tiberias,more than 100 000
(sic.) men died (Agap. 521/261), which is obviously a grossly exaggerated estimate (AM",Unknown,-1.00000000,110,N
2111,B620EDF8-2758-48C7-AA94-9D474412B808,Khirbet Kerak,70,c.746 Jan,746.00000000,MA,7.20000000,35.57000000,32.71000000,Moderate,U,Unknown,-1,"Unknown ",Coeval damage (AM),Unknown,-1.00000000,110,N
2112,908ADBB8-45E6-4574-AF87-D0765398DBF3,Bet-She'an,70,c.746 Jan,746.00000000,MA,7.20000000,35.48000000,32.50000000,Moderate,U,Unknown,-1,"Unknown ",Coeval damage (AM),Unknown,-1.00000000,110,N
2113,1D5F3370-A0F1-4734-9E45-9322D8D5736D,Galei Kinneret,70,c.746 Jan,746.00000000,MA,7.20000000,35.54389945,32.78387224,Moderate,U,Unknown,-1,"Unknown ",Coeval damage (AM after Marco 2003),Unknown,-1.00000000,110,N
2115,2BB31895-5D02-40FB-A036-9854A01F6199,Mt. Tabor,70,c.746 Jan,746.00000000,MA,7.20000000,35.39000000,32.68000000,Moderate,LD,Landslides,-1,Slope Stability,Landslides in Mt. Tabor,8 - HEAVILY DAMAGING,8.00000000,110,N
2116,3D4C960E-D2F2-4946-9AED-853E22EBDB81,Jezree'l Valley (A),70,c.746 Jan,746.00000000,MA,7.20000000,35.35000000,32.53000000,Moderate,LQ,Liquefaction,-1,Hydrologic phenomena’s,"We are told that the people of the Sharon Valley were ‘plunged’.
It is not clear whether this means that the valley was flooded as a result of the earthquake or due to some other cause. Also, it is not known whether this was the Plain of
Sharon, near the Mediterranean coast, or the inland valley of Jezreel, southwest of Tiberias. A plausible explanation would be that this description refers to the effects
of widespread liquefaction of a low-lying plain, probably around Tiberias and to the south of it along the Jordan Valley (AM after Margaliot 1941)",7-8,7.50000000,110,N
2117,372EE9DF-BD1C-4FE4-8BAF-B7DEDDA3BCA8,Jerusalem,70,c.746 Jan,746.00000000,MA,7.20000000,35.23202273,31.77792538,Doubtful,U,Unknown,-1,"Unknown ","Although it is possible that Jerusalem sustained some damage, the sources do not refer to it. They do describe at some length the repairable and irreparable damage caused to the Aksa mosque around its mihrab, but details about damage to other buildings and houses in Jerusalem are lacking (AM aftter Theoph. 422; al-Dhah. Tar. Islam v. 39–40).",Unknown,-1.00000000,110,N
2118,E14D7DB9-9A00-4F0C-A710-1442E7F3317A,Gaza,70,c.746 Jan,746.00000000,MA,7.20000000,34.46000000,31.50000000,Moderate,U,Unknown,-1,"Unknown ",After AM,Unknown,-1.00000000,110,N
2119,A0C86E88-21A1-44AE-A572-41F8959585E9,Egypt (A),70,c.746 Jan,746.00000000,MA,7.20000000,31.49000000,28.61000000,Moderate,U,Unknown,-1,"Unknown ",After AM,Unknown,-1.00000000,110,N
2120,97C8C610-C8AD-4078-85FE-26A445E516FF,Damietta,70,c.746 Jan,746.00000000,MA,7.20000000,31.81000000,31.42000000,Moderate,U,Unknown,-1,"Unknown ",After AM,Unknown,-1.00000000,110,N
2121,BF3D941B-3A5E-4C6E-9CDE-35515634AF69,Cairo,70,c.746 Jan,746.00000000,MA,7.20000000,31.20000000,30.04000000,Moderate,U,Unknown,-1,"Unknown ",After AM,Unknown,-1.00000000,110,N
2122,6D46ED35-5536-4299-83C6-D867743CB461,Ismailia,210,1927 Jul 11 (15:04),1927.00000000,S,6.25000000,32.27903944,30.60179463,Moderate,U,Unknown,-1,"Unknown ",Avni 1999 after Haa'retz 14.07,Unknown,-1.00000000,490,C
2123,ED0EFD0B-6FD4-4C95-93C2-38CF279D3876,Tanta,210,1927 Jul 11 (15:04),1927.00000000,S,6.25000000,30.99846508,30.78414364,Moderate,U,Unknown,-1,"Unknown ",Avni 1999 after Haa'retz 14.07,Unknown,-1.00000000,490,C
2124,B522CDA4-1AB6-4C45-B439-2E723C2A67F0,Suez,210,1927 Jul 11 (15:04),1927.00000000,S,6.25000000,32.54000000,29.97000000,Moderate,U,Unknown,-1,"Unknown ",Avni 1999 after Haa'retz 14.07,Unknown,-1.00000000,490,C
2125,80E454E5-8B1D-4D54-9DA7-AF421757C262,Alexandreta,210,1927 Jul 11 (15:04),1927.00000000,S,6.25000000,36.17000000,36.58000000,Moderate,U,Unknown,-1,"Unknown ","Avni 1999 after Barlotti, 84",Unknown,-1.00000000,490,C
2126,6C37CC8B-7F51-4557-BA02-A7A23966EFD3,Aleppo,210,1927 Jul 11 (15:04),1927.00000000,S,6.25000000,37.15000000,36.21000000,Moderate,U,Unknown,-1,"Unknown ","Avni 1999 after Barlotti, 83",Unknown,-1.00000000,490,C
2127,3233324F-19EA-4AC7-9426-AC853B0B1163,Al-Azraq,210,1927 Jul 11 (15:04),1927.00000000,S,6.25000000,36.82927598,31.87982698,Doubtful,GE,Exhalation or emission of gas,-1,Gas exhalation,"Avni, 1999 after 'el-Ahrar'",7-8,7.50000000,490,C
2128,49B662D3-8A24-47E2-8B00-7FC6CF03E67D,Al-Ressipah,210,1927 Jul 11 (15:04),1927.00000000,S,6.25000000,36.04566549,32.02804571,Moderate,U,Unknown,-1,"Unknown ","Avni, 1999 after Haa'retz 21.07",Unknown,-1.00000000,490,C
2500,372EE9DF-BD1C-4FE4-8BAF-B7DEDDA3BCA8,Jerusalem,254,c.65 BCE,-65.00000000,S,NULL,35.23202273,31.77792538,Doubtful,U,Unknown,-1,"Unknown ","AM ollowing the Babylonian Talmud. Baba Kama: ""earthquake struck Israel and the land trembled a hundred miles in all directions"". KA2 questions and event that hit Jerusalem",Unknown,-1.00000000,30,N
2502,1EBBDB95-7238-4136-BC07-DD8639C73F05,Tyre,463,525 BCE,-525.00000000,S,NULL,35.21000000,33.26000000,Doubtful,SW,Sea waves,-1,Sea phenomena,Following SDM,7-8,7.50000000,17,C-N
2503,5472F125-084A-49EE-BE2A-AADB2C17C1C2,Sidon,463,525 BCE,-525.00000000,S,NULL,35.37000000,33.56000000,Doubtful,SW,Sea waves,-1,Sea phenomena,Following SDM,7-8,7.50000000,17,C-N
2504,58CA6784-2E1A-4796-B418-A6F14080AC5F,East Mediterranean (A),18,92 Feb 28 BCE,-92.00000000,S,NULL,33.86418256,33.78007357,Doubtful,SW,Sea waves,-1,Sea phenomena,AM (p.96) and KA2 question the entry in BM5 concerning the reliability of this event and elaborate the sequence of sources leading to a potential spurious event.,9 - DESTRUCTIVE,9.00000000,29,C
2506,E0A3CC35-34B4-4C7A-99A6-8B69DCCFA2BF,Syria (A),18,92 Feb 28 BCE,-92.00000000,S,NULL,37.03000000,34.93000000,Doubtful,U,Unknown,-1,"Unknown ",AM (p.96) and KA2 question the entry in BM5 concerning the reliability of this event and elaborate the sequence of sources leading to a potential spurious event.,Unknown,-1.00000000,29,C
2507,5A686BB1-27BE-45D3-9FFC-A684F46DF552,Palestine (A),18,92 Feb 28 BCE,-92.00000000,S,NULL,35.20000000,32.39000000,Doubtful,U,Unknown,-1,"Unknown ",AM (p.96) and KA2 question the entry in BM5 concerning the reliability of this event and elaborate the sequence of sources leading to a potential spurious event.,Unknown,-1.00000000,29,C
2508,BB5D8F8F-8786-49F7-B051-2657F9517C5B,Arava (A),592,338-213 BCE,-338.00000000,Unknown,NULL,35.26000000,30.70000000,Moderate,U,Unknown,-1,"Unknown ",KLA dates and event which probably caused considerable damage in the Arava area,Unknown,-1.00000000,19,S
2509,0930890E-E905-4975-8D2D-C5CA831124EE,Aqaba,592,338-213 BCE,-338.00000000,Unknown,NULL,35.00000000,29.52000000,Doubtful,U,Unknown,-1,"Unknown ",Shaked et al 2011 date two successive down-faulting events which may be associated with this event. Thus Aqaba may have been hit as well,Unknown,-1.00000000,19,S
2510,D6CF1DC5-D0FB-4D3A-B54B-FF5E03B0AA56,Tel Ateret,590,Post Hellenistic period,-60.00000000,Unknown,NULL,35.62773538,33.00463080,Doubtful,U,Unknown,-1,"Unknown ",EMK dates damage to Ateret by post-Hellenic period which may indicate damge from one of the already known earthquakes,Unknown,-1.00000000,31,C-N
2511,E0A3CC35-34B4-4C7A-99A6-8B69DCCFA2BF,Syria (A),20,31 early spring BCE,-31.00000000,S,6.70000000,37.03000000,34.93000000,Doubtful,U,Unknown,-1,"Unknown ","AM: It has been suggested that the
reference should be to Salaminias in Syria or to Samaria in Palestine, which is not tenable (Stauffenberg 1931, 179,
n. 108)",Unknown,-1.00000000,34,C
2512,AAB48A30-692A-445F-AC67-522A5063CBEF,Galilee (A),20,31 early spring BCE,-31.00000000,S,6.70000000,35.45000000,32.91000000,Doubtful,U,Unknown,-1,"Unknown ",Following AM,Unknown,-1.00000000,34,C
