Order_Date,Full_Date,Numeric_Date,Date_Uncertainty,Rel,Type,Size,Size_Val,Magnitude,Magnitude_Avg,Max_Intensity,Depth,Epi_X,Epi_Y,Region,Most_Damaged_Sites,Most_Damaged,MSRD_X,MSRD_Y,Tsunami,GII,Description,Historical_Reports,Ref,Evidence_Type,C_Damage,Max_Damage
1,c. 8.4–9.0 ka BCE,-8000.00000000,600,Moderate,U,4,Strong,NULL,NULL,NULL,NULL,NULL,NULL,N,NULL,Test,NULL,NULL,0,0,On the Yammunneh fault in Lebanon dated to 8.4–9.0ka (identified in a paleoseismic trench),NULL,DAKL,Paleoseismic & Archaeoseismic,1,-1
1,c. 8.4–9.0 ka BCE,-8000.00000000,600,Moderate,U,4,Strong,NULL,NULL,NULL,NULL,NULL,NULL,N,NULL,Unknown,33.65082151,33.05128774,0,0,On the Yammunneh fault in Lebanon dated to 8.4–9.0ka (identified in a paleoseismic trench),NULL,DAKL,Paleoseismic & Archaeoseismic,1,-1
17,980-830 BCE (Iron age ||A),-980.00000000,150,Moderate,S,4,Strong,NULL,NULL,NULL,NULL,.00,.00,C-N,Tell Ateret,Tel Ateret,35.62773538,33.00463080,0,0,EMK describes an earthquake thet ruptured Tell Ateret causing a slip of ~2 meters,NULL,EMK,Paleoseismic & Archaeoseismic,2,4
19,c.760-750 BCE,-760.00000000,10,High,S,4,Strong,7.8-8.2 (AUS); 8.2 (BM5); 7.3 (BM),7.83000000,8,NULL,NULL,NULL,C,Judaea,Judea (A),35.35000000,32.08000000,0,1,"Damaging event during mid-8th century BCE. Amos references his prophecy in time according to an earthquake occurred two years after. Consequently, we assume the event had indeed occurred and was significant enough to be remembered and documented. However, apart from Amos, there are only few late secondary sources (GCT; AM and references therein) that imply of possible damage in Jerusalem, but they cannot be authenticated. KKW correlated rock falls with this earthquake at the north of Galilee. Other archaeological evidence cannot be unequivocally associated with this event (AM).
The archaeoseismic case for a single, regional earthquake is not proven, but highly probable. What makes the argument much stronger is the supporting literary evidence. Amos is dated relative to ""the earthquake"" (Amos 1:1) and Zechariah selected a single event in the middle eighth century to be his colloquial standard for urban panic more than 200 years later (Zechariah 14:5). A synthesis of seismology, archaeology, and ancient literature makes a strong case for the regional seismic event (AUS)","Contemporary: Amos 1.1; 3.14-15; 7.13; 9.5
Secondary: Zechariah 14.3-5; 2 Chron. 26.16-7; 2 Kings 15.1-7; Josephus, 9.223-7; Nathan, 9; Isaiah 2. 19, 21",AM; GCT; AM2; SAL; SAL2; WALE; BEN; ZIL2; AUS; BM5; BM; DEV; KKW; FR; AUS,Historical & Paleoseimic/Archaeoseimic,31,4
21,525 BCE,-525.00000000,-,Moderate,S,4,Strong,NULL,NULL,NULL,NULL,NULL,NULL,C-N,Palestine,Dead Sea East (A),35.57000000,31.62000000,1,1,"KA2 pointed out the entry citation by PLKO, BM and SI with no specific reference of occurrence. However, MIG and KAG have corelated seismite found in Ein Gedi core (MIG) and at Ein Feshkha (KAG) with this event. This earthquake is listed by
BM and SDM, with damage to the southern Lebanese towns Sur and Sidon, and a local sea wave",NULL,BM; PLKO; SI; SDM; KA2; GII; MIG; KAG,Paleoseismic & Archaeoseismic,3,3
22,338-213 BCE,-338.00000000,100,Moderate,U,4,Strong,NULL,NULL,NULL,NULL,.00,.00,S,Arava,Arava (A),35.26000000,30.70000000,0,0,KLA implies of the ruptured Arava fault between 338-213. No suppoting historical sources. May be associated to two successive down-faulting events buried a coral-reef at the guf of Aqaba (Shaked et al 2011),NULL,KLA,Paleoseismic & Archaeoseismic,2,3
25,c.198 BCE,-198.00000000,1,High,U,4,Strong,NULL,NULL,8,NULL,NULL,NULL,C-N,"Sidon, Syria",Sidon,35.37000000,33.56000000,0,0,"The event is reported by Posidoinus, near contemporary and highly reliable source that was born 60 years later (GCT). The shocks were felt in Phoenicia and with less intent in Syria. KKW correlated rock falls with this earthquake at the north of Galilee. The event seems to be accurate, but the reported damage is probably exaggerated.","Near Contemporary:  (Posidonius)
Secondary: Strabo, 1917",AM; GCT; SAL; SAL2; SDM; AW; KKW,Historical,5,5
27,142 BCE,-142.00000000,NULL,Moderate,S,5,Strong-Major,NULL,NULL,NULL,NULL,.00,.00,C-N,Tell Ateret,Bnot-Ya'akov Bridge,35.62826799,33.01043039,0,0,EMK found a slip of ~2.5 m at Tell Ateret and date an earthquke to post 142/143 using minted coins. WE2 found an evidence of event between 392 B.C.E.–91 C.E. and perhaps these are two evidence of the same event. Note that historical sources imply of an earthquake that destructed Antioch in 148 Feb 21 (130?) BCE,NULL,EMK;,Paleoseismic & Archaeoseismic,1,4
30,c.65 BCE,-65.00000000,5,Moderate,S,5,Strong-Major,NULL,NULL,9,NULL,NULL,NULL,N,Northen Syria,Syria (A),37.03000000,34.93000000,0,1,"According to Justin, the earthquake happened during Tigranes's occupation of Syria (83-69 BCE) and hit several unspecified cities, probably in northern Syria. The event was mistakenly imported to pre 90’s catalogues (e.g., AAT, BM) as occurred in Jerusalem (see KA2 and references therein). AMM matched a seismite to this event but MIG suggested that the 31 BCE masked this event. Kag found a seismite at this period in the Ein Feshekha section","Secondary: Pomp. Trog. Apud Iust. Epit. 40.2.1; ; Dio Cass. 37.11.4;Oros Hist.6.5.1; Babylonian Talmud, Baba Kama; Mal 211.16.9",AM; GCT; KA2; SAL; SDM; AAT; BM; KEN; AMM; GII; KAG; MIG,Historical & Paleoseimic/Archaeoseimic,6,5
31,Post Hellenistic period,-60.00000000,150,High,U,4,Strong,NULL,NULL,NULL,NULL,.00,.00,C-N,Tell Ateret,Bnot-Ya'akov Bridge,35.62826799,33.01043039,0,0,EMK describes (porbably) several earthquake thet ruptured Tell Ateret causing a slip of ~1.5 meters.,NULL,EMK,Paleoseismic & Archaeoseismic,1,3
34,31 early spring BCE,-31.00000000,1,High,S,5,Strong-Major,6-6.5 (KA2); 6.7 (MIG); 6.7 (BM); 7 (BM5); 7 (TUAR),6.70000000,NULL,NULL,NULL,NULL,C,Judea,Judea (A),35.35000000,32.08000000,0,1,"Destructive event in Judea of that time. Josephus notes that during the Actium war a devastating earthquake occurred killing 30000 people (Josephus, Ant. 15, 121-124; Bel. 1, 369-379). Generally, Josephus is considered reliable but tends to exaggerate (BR; MZ) and thus 30000 deaths seems to be overestimated. Since Judea of that time extended up to Syria and Hawran and the reports are related to Herod’s battle with the Nabataeans, the epicentral region might be north of what we reckon today as Judea. The alleged damage to Jerusalem (AAT) and the Galilee (SI) are contradicted by AM. Paleoseismic evidence near Deir-Hajla (RH) and Qumran (NURO) were questioned by AM and KA3, respectively, although MK and AG (following KAG) confirm these findings while KEN dated possible seismic activity at that time in a Ze’elim terrace. WE2 found an evidence for possible event between 392 B.C.E.–91 C.E. The possibility that the latter is not necessarily related with the 31 BCE event but rather imply of other, undocumented, seismic activity cannot be ruled out. KA2 notes that this was probably a moderate event.","Near Contemporary: (Josephus, , BeI. 1.369-379);Josephus, Ant. 15.121-4;
Secondary: Mal. 229; Georgius. Mon. CS. 94;",AM; GCT; KA; KA2; SAL; BR; MZ; AAT; SI; RH; NURO; KA3; KEN; AMM; GII; WE2; TUAR; KAG; MK; AG; EKE,Historical & Paleoseimic/Archaeoseimic,16,4
39,37 Mar 23  (morning),37.00000000,-,Moderate,S,4,Strong,NULL,NULL,7.5,NULL,NULL,NULL,N,Antioch,Antakya,36.16000000,36.20000000,0,0,"The event is based upon Malalas (1986, 243)whom does not mention the word 'earthquake' but does mention that Antakya was damaged for the second time since the Macedonians arrived (approximately in c. 300 BCE). The first time is not mentioned but AM claims it could have been during the occupation of Syria by Tigranes in c. 69 BCE. Damage is also attributed to Daphne, a suburb of Antakya and maybe also to the Hill of Orontes.","Secondary: Mal. , p. 243",AM; GCT; SAL; AMJA; SDM;,Historical,1,4
40,c.41-54,47.00000000,14,Moderate,S,4,Strong,NULL,NULL,7,NULL,NULL,NULL,N,Antioch,Antakya,36.16000000,36.20000000,0,1,"According to Philostartus and Malalas that probably leaved in Antakya, an earthquake occurred during the reign of Claudius sometime between 41 and 54 (GCT) with resulted damage to the temples of Artemis, Ares and Hercules. GII refer to 48 CE",Secondary: Malals. CS 246; Philostr. VA. VI. 38/LCL. Ii. 130,AM; GCT; SAL; SDM; GII,Historical,1,4
43,115 Dec 13  (morning),115.00000000,-,High,MA,6,Major,7.4 (BM5); 7.4 (SDM after BM5),7.40000000,NULL,NULL,NULL,NULL,N,Antioch,Antakya,36.16000000,36.20000000,1,1,"According to reliable sources, the 115 CE earthquake severely damaged Antioch, Daphne and Apamea in northern Syria and other not named towns in the surroundings (AM; GCT; KA). The tsunami in Caesarea (REI, DG) and along the coast down to Yavne (SHAL) is questionable as there are no supporting contemporary indications for this suggestion and other explanations for the destruction of the harbor exist (SAL2 and references therein). Nevertheless, the event is mentioned in several catalogues (e.g., AAT) hitting or at least affecting Israel. AM cites Malalas describing damage in Rhodes at the same period. If it is of the same event, then the earthquake origin is probably off DST system. On the other hand, MGS associate earthquake with activity of the MsF which indicate of DST activity. Further investigation is required prior to associating a tsunami with this event.","Near Contemporary: Dio Cass. 68.24, 25.6/LCL; Juv. VI. 411/LCL. 116; Secondary: Eus. Hieron. Chron. 196c; Mal. 275/ Mal. 275 276/416-417; Mal. 277/420; Mal. 278/421; Eus. Hist. 164; Oros. Hist. 7.12.15; Ps.Dion.123/I 92; Chr. 724, 121/95; Mich. Syr. Vi.4/i. 17;
Inscriptions: CIL 14.4542",AM; GCT; KA; SAL; SAL2; AMJA; SDM; REI; AAT; GD; MGS,Historical & Paleoseimic/Archaeoseimic,9,5
53,303 Apr 2,303.00000000,-,High,S,5,Strong-Major,"7.1 (BM: Ben-Menahem 1991); 7.1 (MIG: Migowsky et al 2004, After Ben-Menahem 1991); 7.1 (Sbeinati et al, 2005)",7.10000000,NULL,NULL,NULL,NULL,C-N,"Sidon, Tyre, Syria",Syria (A),37.03000000,34.93000000,0,1,"Damaged mainly the south Lebanese littoral. Eusebius and Orosius date the event to 303 and describe damage in Syria, Sidon and Tyre (AM; GCT). They describe large numbers of people (Eusebius) or thousands (Orosius) who were killed. The numbers however, seems to be exaggerated. The fact that the affected cities are located along the Lebanese littoral may suggest that the event may have been generated somewhere offshore. WE2  found an evidence for a possible event between  250–310 C.E or 269–329 C.E. or 294–369 C.E.","Contemporary: Eus. Mart. Pal. 4.15; 
Near Contemporary: Eus. Hieron. Chron. 228a; Oros. Hist.7.25.14
Inscriptions: Dussaud (1896, 299)",AM; GCT; SAL; SAL2; RUS; SDM; GII; WE2,Historical,6,4
55,347 Sep (348/349),347.00000000,1,Moderate,S,4,Strong,NULL,NULL,NULL,NULL,NULL,NULL,C-N,Beirut,Beirut,35.48000000,33.89000000,0,1,Based upon the two Secondary sources but reliable sources of Theophanes and Cedrenus. WE2  found an evidence for a possible event between  269–329 C.E. or 294–369 C.E. but they point in might be associated with the 303 or 363 CE events (appendix A).,Secondary: Theoph. 39; Cedren. 523,AM; GCT; SAL; SAL2; SDM; GII; WE2,Historical,1,5
56,363 May 18-19 (3rd hour-night),363.00000000,-,Very High,MA,5,Strong-Major,6.7 (BM); 6.4 (BM5); 7 (TUAR); 6.7 (MIG after BM); 6.5-6.7 (AG),6.70000000,NULL,NULL,NULL,NULL,C,Palestine,Palestine (A),35.20000000,32.39000000,0,1,"Two events, on Sunday, 18/05 at the 3rd and 9th hours after sunset (i.e., Monday, 19/05 at around 03:00). The latter seems to have been less damaging and affected the northern parts of Palestine (GCT; AM; KA). The damage in Antakya as reported by Libanius seems to have resulted from the 365 earthquakes (see Appendix 4). The earthquake extent is described in a contemporary Syrian letter attributed to Cyril, the Bishop of Jerusalem (Brock, 1977). The record of damage in Petra is supported by three inscriptions found in Zoar of 4 people who perished during the earthquake (MEI). Additional questionable records of the earthquake are also found in archaeological excavations (RUS; RUS2) and paleoseismic findings (KEN). WE2 found an evidence for a possible event between 294–369 C.E. MK suggest that the source of the event is the Dead Sea fault. However, KAG suggest that two events of M ~ 6.5, one from 363 north of the Dead Sea and one from a close date south of the Dead Sea, had been erroneously amalgamated to a single M > 7 event. AG summarizes the findings from the Dead Sea region noting the absence of matching from Zee'lim Creek and Ein Gedi core by KEN, MIG and KAG but suggest of two consecutive earthquakes although notes that this event needs further research. KKW correlated rock falls with this earthquake at the north of Galilee. ZSR analyzing the N-S damage extent of the 363 observed relatively large extent in compare to other central earthquakes suggesting that the source of the earthquake was probably two events instead of one (see also next entry)","Contemporary: Lib. Or. i. 134/Foersteri. 147ff; Brock, 1977; Ammian. XXIII. i. 2-3/LCL. Ii; Greg. Naz. Contr. Iul. Ii, 149/ 668-9; Socr. Sch. Iii.20; Sozomen v. 22; Theodor. HE 3.20; Hieron. Comm. Is. PL 24, 15, c.168 ; 
Secondary: Ps.Dion 178/i. 132; Chron. 846, 199; Chron 724 133; Mich. Sy. 4.146; Church. Alex 1.42; 
Inscriptions: Meimaris & Kritikakou-Nikolaropouloun 2005, nos. 22-24",AM; GCT; KA; SAL; RUS; RUS2; SDM; KEN; GII; MEI; AMM; WE2; AG; KAG; MIG; MK; ZSR; KLA; KKW,Historical & Paleoseimic/Archaeoseimic,39,5
61,418/419,418.00000000,1,Moderate,U,4,Strong,6.2 (TUAR: Turcotte and Arieh 1988); 6.9 (MIG: Migowsky et al 2004);,6.50000000,NULL,NULL,NULL,NULL,C,Palestine,Palestine (A),35.20000000,32.39000000,0,1,"Affected Palestine at that time. Event reported by two contemporary writers, Augine and Idatius. AM suggests that Augine, claiming that “great cities collapsed”, could be interpreted as a theological poet and Idatius mentions Jerusalem and others but   was writing far away in the Roman province. Archaeological remains (RUS) need authentication.","Contemporary: Aug. Serm. 19.6; Hydat. Charon. 66 (=71a Tranoy); 
Secondary:  Marcell. Com.74.8-9",AM; GCT; KA; SAL; RUS; GII,Historical,7,1
67,455 Sep,455.00000000,-,High,S,4,Strong,NULL,NULL,NULL,NULL,NULL,NULL,N,Tripoli,Tripoli,35.83000000,34.43000000,0,0,"The main source for this event is the near-contemporary Malalas who’s allegedly accounted as using reliable primary sources. The fact that he is close to the event (491-578) attributes reliability to the event occurrence. However, Malalas do not mention any other damaged location (in particular Antakya). Moreover, no other source reports of damage in major cities (e.g., Damascus, Beirut). This lead to an option that the event had actually occurred but rather offshore (AM; GCT). Note that Michael the Syrian attributes effects to ‘all the entire inhabited world’ – maybe an event that happened far away and affected the Mediterranean.","Near Contemporary: Malalas CS 367; Malalas S 87;
Secondary: Ps. Dion. C. AD 775; Chron Ps. Dion CH 168; John Eph. NA 458; Mich. Syr. Viii. 14/ii. 122",AM; GCT; SDM;,Historical,1,0
68,458 Sep 14,458.00000000,-,High,MA,4,Strong,NULL,NULL,NULL,NULL,NULL,NULL,N,"Antioch, Seleucia",Antakya,36.16000000,36.20000000,0,0,"Contemporary (citation serverus) and near contemporary (malalas) report of the earthquake and imply it had probably occurred. However, the date is in some disagreement. The second event (see next entry), related as its aftershock is questionable.","Near Contemporary: Sev. Ant. Hom. 31, 118-126/652-660, 128-130/662-664; Malalas 369/549; Malalas S. 369/89
Secondary: Evgar. Ii. 12; Ps.Dion. i. 227/168ff; Chron 724, 140/108-110; Gennadius De Vir. Ill. 67/99; Marc. Com. 930; Sym. Styl. 133/174; Sym. Styl. 136/177; Theoph. 110",AM; GCT; SAL; SDM;,Historical,1,4
70,c.476 Sep,476.00000000,5,High,S,4,Strong,NULL,NULL,NULL,NULL,NULL,NULL,C-N,Jablah (Gabala),Jabalah,35.92000000,35.35000000,0,0,"Malalas is a near contemporary source, despite the fact that is hard to derive an exact date.","Near Contemporary: Malals 378/561-564; Malalas S. 378/97
Seconadry: Ps.Dion. i.229/170",AM; GCT; SDM;,Historical,1,4
72,502 Aug 22 night,502.00000000,-,High,S,5,Strong-Major,7 (TUAR); 7 (MIG after BM); 7 (BM),7.00000000,NULL,NULL,NULL,NULL,C-N,Akko,Akko,35.07000000,32.92000000,0,1,Damage reported along the northern coastline of Israel. The absence of damage inland may suggest an offshore epicenter (AM). WE2 found an evidence for a possible event between 505–593 C.E. KKW correlated rock falls with this earthquake at the north of Galilee,"Contemporary: [Ios. Styl.] Syr. Versio 43-4
Secondary: John Eph. NA 463",AM; GCT; KA; SAL; RUS; SDM; GII; WE2; KKW,Historical & Paleoseimic/Archaeoseimic,5,5
75,526 May 29 (evening),526.00000000,-,Very High,FMA,4,Strong,NULL,NULL,NULL,NULL,NULL,NULL,N,Antioch,Antakya,36.16000000,36.20000000,0,0,Moderate earthquake that has ruined Antioch for the fifth time and also affected its vicinity. Several contemporary and near contemporary leave no doubt regarding its occurrence.,"Contemporary: Malals. 418-422/620-621; Malals. 418-421/125-131; Zach. Mit. Vii.4; Evagr. Iv. 5-6/155-156; Procop. Bell. Goth. II.xiv.5-7/LCL. I 382; Procop. Anced. Xvii.41/LCL/. Vi.224; 
Near Contemporaty: Chron. Edess.xcvii/10;   Secondary: Marc. Com. 941; Ps. Dion. Ii. 47-52; Ionnn. Nik. Xc.24-34/135-137; Theoph. 172-173;",AM; GCT; SAL; SDM;,Historical,2,5
76,528 Nov 29,528.00000000,-,High,MA,4,Strong,NULL,NULL,NULL,NULL,NULL,NULL,N,Antioch,Antakya,36.16000000,36.20000000,0,1,AM: Many of the casualties in Antakya were builders and carpenters that were working to rebuild the damages from the 526 event. The alleged event of 529 is probably duplicated from this event,"Contemporary: Evagr. 155-156; John. Eph. NA 476-478; Procop. Anecd. Xviii.41/LCL.vi.224; 
Secondary: Cedr. Cs i.646; Mich. Syr. CH ii.193-195; Chron 1234, 153; Ps.Dion. Ii. 76/56ff; Mich. Syr. Ix. 21/ii. 193-195; Meg. Chron. 4; Jac. Edess. 318/240; Theoph. 177-178; Eli. Nis. 57/119; Chron. 1234, 194-195/153; Chron. Edess. Xcvii f./10",AM; GCT; SAL; SDM; GII,Historical,3,4
78,534,534.00000000,1,Moderate,S,2,Moderate,NULL,NULL,NULL,NULL,NULL,NULL,N,Antioch,Antakya,36.16000000,36.20000000,0,0,"The only source is contemporary Malalas, accounted at this stage to live in Constantinople (AM) having little access to Antakya's records",Contemporary: Malals. 478/693,AM; GCT; SDM;,Historical,1,0
83,551 Jul 9,551.00000000,-,Very High,MA,6,Major,7.8 (TUAR); Ms=7.2 (DAR); 7.5 (MIG); 7.5 (BM); Mw=7.5 (ELI),7.50000000,NULL,NULL,NULL,NULL,C-N,"Lebanon, Syria, Beirut",Lebanon (A),35.87000000,33.84000000,1,1,"Damaged mainly the south Lebanese littoral. John of Ephesus describes a tsunami and two events, about 1 hour apart from each other. According to AM, Agathias mentions this event in reference to Alexandria, where he was that year. However, GCT places this report in 554 as an event felt in Egypt and adds an event, also reported by Agathias that occurred during 554-558 in the island of Cos. This and the facts that only coastal cities in Lebanon were damaged and that there was a tsunami, leads to an assumption that Agathias might have duplicated a remote event. The other alternative is that the epicenter was in the sea or inland, very close to the shore (AM). Caesarea and Gush-Halav could have been affected (RUS). Jerusalem was not reported as damaged. WE2 found an evidence for a possible event between 505–593 C.E. ELI suggest unknown rupture of the offshore of ~100–150-km-long active, east dipping Mount Lebanon thrust close to the shore of Lebanon. KKW correlated rock falls with this earthquake at the north of Galilee","Contemporary: Ant. Plac. 159; Ioh. Ephes. 3.326-7; Vita S. Sym. Stil. Iun. 105; Mal. 485; Agath. 2.15 
Secondary:  Theoph. 227; Cedren. 659; Ps.Dion ii. 128/96; Ps.Dion. Ii. 132-133/99; Ps.Dion. Ii. 133-136/100-102; 
Look for FHT 4/1821-1824 ( fragma.Tauscul ) in ambraseys and fragma.Tauscul, Georgius and Mich. Syr in guidoboni.",AM; GCT; KA; SAL; SAL2; RUS; SDM; GII; DAR; WE2; ELI; TUAR; MIG; BM; KKW,Historical & Paleoseimic/Archaeoseimic,25,4
85,558 Jun,558.00000000,-,Moderate,C,4,Strong,NULL,NULL,NULL,NULL,NULL,NULL,N,Antioch,Antakya,36.16000000,36.20000000,0,0,Could be two separate events. GCT refers also to c.570,Contemporary: John of ephesus Near contemporary: James of Eddesa Secondary: Elias of Nisibys; Chron. 724; Thephanes; Cedrenus,AM; GCT;,Historical,2,4
87,577,577.00000000,1,High,MA,4,Strong,NULL,NULL,NULL,NULL,NULL,NULL,N,Antioch,Antakya,36.16000000,36.20000000,0,0,AM: Evagrius Scholasticus (6th century) is the sole writer,Contemporary: Evagr. V. 17,AM; GCT; SDM;,Historical,1,3
88,c.577,577.20000000,1,High,A,2,Moderate,NULL,NULL,NULL,NULL,NULL,NULL,N,Antioch,Antakya,36.16000000,36.20000000,0,0,According to Evagrius Scholasticus. AM: probably aftershocks of the 577 event,Contemporary: Evagr. V. 17,AM; SDM;,Historical,1,1
89,588 Oct 31,588.00000000,-,High,MA,4,Strong,NULL,NULL,NULL,NULL,NULL,NULL,N,Antioch,Antakya,36.16000000,36.20000000,0,1,"Probably occurred (AM; GCT). One of the first events that is mentioned, apart from Byzantine and Syriac sources, also in Arabic sources","Contemporary: Evagr. Vi.8;
Near Contemporary: Ioann. Nik. Ci/163
Secondary: Niceph. Cal. Xviii. 13/825; Mich. Syr. X.21/ii. 359; Chron 1234, 213/168; Abu’l Faraj 91/84-85",AM; GCT; SAL; SDM; GII,Historical,2,4
95,634 Sep,634.00000000,2,Moderate,MA,4,Strong,"6 (moderate damage, personal jujdement)",6.00000000,NULL,NULL,NULL,NULL,C,"Palestine, Jerusalem",Jerusalem,35.23371042,31.77430227,0,1,"Affected Palestine at the time. The event is based upon the evidence of Theophanes (ca. 778-845), credited as reliable (AM; GCT). Byzantine sources (Michael the Syrian, 12th century) and Arabic sources (al-Makin, Abu’l Fara) seem to copy Theophanes. AM proved that the testimony of Michael the Syrian is somehow vague, stressing that contemporary source remains silent. WE2 found an evidence for a possible event between 619–684 C.E. HNA correlated an evidence in Qasr Tilah (might be also 659)",Secondary sources:  Theoph. 336; Mich. Syr xi. 4/ii.414;  Mich. Syr xi. 5/ii.419; al-Mak. HS. I 2/19; al-Mak. HM. i. 2/20; Abu’l Fara 100/93,AM; GCT; KA; SAL; RUS; SDM; WE2; GII; HNA,Historical & Paleoseimic/Archaeoseimic,7,3
95,634 Sep,634.00000000,2,Moderate,MA,4,Strong,"6 (moderate damage, personal jujdement)",6.00000000,NULL,NULL,NULL,NULL,C,"Palestine, Jerusalem",Tiberias - Southern Gate,29.75160000,33.67970000,0,1,"Affected Palestine at the time. The event is based upon the evidence of Theophanes (ca. 778-845), credited as reliable (AM; GCT). Byzantine sources (Michael the Syrian, 12th century) and Arabic sources (al-Makin, Abu’l Fara) seem to copy Theophanes. AM proved that the testimony of Michael the Syrian is somehow vague, stressing that contemporary source remains silent. WE2 found an evidence for a possible event between 619–684 C.E. HNA correlated an evidence in Qasr Tilah (might be also 659)",Secondary sources:  Theoph. 336; Mich. Syr xi. 4/ii.414;  Mich. Syr xi. 5/ii.419; al-Mak. HS. I 2/19; al-Mak. HM. i. 2/20; Abu’l Fara 100/93,AM; GCT; KA; SAL; RUS; SDM; WE2; GII; HNA,Historical & Paleoseimic/Archaeoseimic,7,3
98,659 Jun 7 (659 Sep-660 Aug),659.00000000,-,Moderate,MA,4,Strong,"6.6 and 6.6 (Ben-Menahem 1991, 1979)",6.60000000,NULL,NULL,NULL,NULL,C,"Palestine, Jericho",Palestine (A),35.20000000,32.39000000,0,1,Probably caused damage to central Palestine at the time. The date of event is confused in the Maronite chronicles and by Theophanes though their implication of damaged localities seems to be correct (GCT; AM). This event might be merged with the 634 event. Archaeological evidence (RUSS) is not decisive. The 659 Jun 9th is probably an aftershock of this event (AM). WE2 found an evidence for a possible event between 619–684 C.E. HNA correlated an evidence in Qasr Tilah (might be also 634). KKW correlated rock falls with this earthquake at the north of Galilee,"Contemporary Sources: Chron. Maron 71/55; Chron. Maron 70/54-55 
Secondary sources: Theoph. 347; Elias Nisib. Syr.Versio 140-1; Descriptio Terrae Sanctae",AM; GCT; KA; SAL; RUS; GII; BM; WE2; HNA; KKW,Historical & Paleoseimic/Archaeoseimic,7,4
99,659 Jun 9,659.20000000,-,Moderate,A,2,Moderate,"6.1 (Ben-Menahem, 1981)",6.10000000,NULL,NULL,NULL,NULL,C,Palestine,Palestine (A),35.20000000,32.39000000,0,0,Possible aftershock of the alleged 659 Jun 7 event,Contemporary: Chron. Mar. N 323,AM; RUS; BM4,Historical,1,0
105,713 Feb 28,713.00000000,-,High,MA,4,Strong,NULL,NULL,NULL,NULL,NULL,NULL,N,Antioch,Antakya,36.16000000,36.20000000,0,1,"The event is documents by Theophanes, the Notita Annorum and several other secondary sources (GCT)","Contemporary: Not. Ann. 712-716, 13/264
Secondary: Theophanes 383; Chron 846, 233/177; Elias. Nis. 160/76; Mich syr.xi.17/ii.481; Chron 1234, 299-300/233; al-Ya’akubi, a. 94; al-Isfah. 187; al-Ghazzi; Ibn al-Athir; al-Suyuti 15/9",AM; GCT; SAL; SDM; GII,Historical,3,4
106,717 Dec 24,717.00000000,-,High,MA,4,Strong,NULL,NULL,NULL,NULL,NULL,NULL,C-N,Syria,Syria (A),37.03000000,34.93000000,0,0,The main source is the near contemporary Theophanes,"Near Contemporary Sources: Theoph. 399; 
Secondary sources: Chron 846, 234/177; al-Isfah iii.187; Eli.Nis.161-162/177; al-Suyuti 16/9; al-Suyuti 17/9",AM; GCT; SDM;,Historical,2,0
110,c.746 Jan,746.00000000,3,Moderate,MA,5,Strong-Major,7<M<7.5 (MGS);,7.20000000,NULL,NULL,NULL,NULL,N,Syria,Syria (A),37.03000000,34.93000000,0,0,See next entry (749),"Near Contemporary Sources:Theoph. 422; 
Secondary sources: 23rd Shvat fast (book of prayers found in the Cairo Genizza depository); Abd el Rahman; Agapius of Menbidj; al-Dhah. Tar. Islam.v. 39-40; al-Mak. HS. I 2/19 + al-Mak. HM. i. 2/20; al-Suyuti 17-19/9-10; al-Ulaimi, al-Uns. i. 237-238; Anastasius bibliothecarius; Cedren. 807, 809/462A/ii.7; 463 Aii.9
; Elias Nisib. Syr. Uersio 171-2; Great Chronographer; 
Ibn Tagri Birdi, al-Nujum al-zahira 1.311; Marco et al (2003)
Mayer (1931) - the chronicle of Mujir al-Din; Mich.Syr. 466-7/Mich.Syr. Xi. 22/ii. 509-511; Minor Chronicles; Paulus Diaconus; Petrus Ibn Rahib
Sawirus, ibn-al Muq. F. 987/139-140; Seventh earthquake (liturgic poem); Sibt ibn al Jawzi;
Zonaras. 2.108",AM; KA; KA2; SAL; SAL2; MAR; SDM; AM4; MGS,Historical & Paleoseimic/Archaeoseimic,28,5
111,749/Early 750,749.00000000,1,High,FM,5,Strong-Major,"M> 7 (Marco et al 2003); 7-7.5 (MIG: Migowsky et al 2004);  7.3 (BM: Ben-Menahem 1991); 7.3, 7.3 (Ben-Menahem 1979, 1981); less than 7 (Karcz 2004, Begin 2005); 7 < M < 7.5 (MGS)",7.20000000,NULL,NULL,NULL,NULL,C,Palestine,Palestine (A),35.20000000,32.39000000,1,1,"An event that occurred in 749 which can be reliably dated according to numismatic evidence found in the ruins of Bet-She’an (Schitopolis) by TSFO. The historical sources partly support this claim but add 1 or 2 additional possible events. The near-contemporary Byzantine chronicler Theophanes reports 3 events: (1) in 745/6 (6238, Alexandrian system) in Palestine, Syria and along the Jordan River (Theophanes, p. 585); (2) 748/9 (6241) in Syria and Mesopotamia (Theophanes, p. 589); and (3) 755/6 (6248) in Palestine and Syria (Theophanes, p. 594). Theophanes was most probably using primary sources but may have corrected their dates and fully dates two of the events. He may have also been confused, replacing damage that resulted in the first event with that of the second. Also, the severity of the second event as described is greater. The claim of more than one event is also supported by other sources (see GCT; AM; KA; KA2): (1) Syrian sources (e.g., Pseudo Dionysius that relies on contemporary accounts) and reports of events in 747 at Mabugg and Khabura and in 757;(2) 4 Arabic writers (al-Dhahabi, al-Suyuti, Mujir al-Din and al-Ulaimi) who also add damage to Al-Aqsa in 757, relating vast importance to its (second) destruction after being repaired following a previous event (could be of 746 or before). Nevertheless, the Arabic sources are secondary by far and tend to combine events. Other studies referencing a single event, such as MARG, ignore most of the mid-8th century reports of at least two destructive earthquakes. KA2 reinforces and notes that: (1) all single-event reports do not supply full date, i.e., day, month, year; (2) do not mention the ‘Feast of the Mary for the seeds’ holyday; and (3) mentions in Israel only Tiberias, Mt. Tabor and Jericho but not Jerusalem (in contradiction to Arab sources). KKW correlated rock falls with this earthquake at the north of Galilee; AM: The extent of damage, when referring to a single event (Cairo-Tiberias-Nicea-Khabura) is enormous and implies an earthquake that could hardly be generated by a geological strike-slip fault structure (as demonstrated in WECO). HNA dated an event in Qasr Tilah between 7th-10th century that could be associated to this event. Bikai 2002 and Eklund 2008 support this suggestion. The later concludes the terminal of Petra as a result of this event.","Near Contemporary Sources:  Theoph. 657;
Secondary Sources: al-Dhah. Tar. Islam.v. 39-40; al-Suyuti 17-19/9-10; al-Ulaimi, al-Uns. i. 237-238; Anastasius bibliothecarius; Cedren. 807,; 809/462A/ii.7; 463 Aii.9
; Denys of Tel Mahre (Chabot 1894; Chronicle, 72/63); Georg. Mon. 2.760; Great Chronographer; Ibn Tagri Birdi, al-Nujum al-zahira 1.311; Mekhitar Chronicle d' Airvange; Minor Chronicles; Mukadassi; Niceph. 62/64; Paulus Diaconus
Ps.Dion. 191/146; Sibt ibn al Jawzi; Tsafrir and Foerster (1992)",AM; GCT; KA2; MAR; MAR2; TSFO; WE; GII; AM4; WECO; BEG; HNA; KAG; KKW,Historical & Paleoseimic/Archaeoseimic,28,5
112,756 (757) Mar 9,756.00000000,1,Moderate,U,4,Strong,"6 (Moderate damage, personal jujdement)",6.00000000,NULL,NULL,NULL,NULL,C,Palestine,Palestine (A),35.20000000,32.39000000,0,1,See previus entry (749),"Near Contemporary Sources:
Theoph. 663
Secondary Sources: 
Abd el Rahman; al-Suyuti 17-19/9-10; Denys of Tel Mahre (Chabot 1894; Chronicle, 72/63); Ps.Dion. 191/146",AM; GCT; KA; KA2; SAL; SDM; GII; KAG,Historical & Paleoseimic/Archaeoseimic,8,3
131,973,973.00000000,1,Moderate,S,4,Strong,,NULL,NULL,NULL,NULL,NULL,N,al-Wasim,Al-Wasim (A),36.51000000,36.98000000,0,1,The event is unclear whereas the only contemporary source (Cedrenus) does not indicate earthquake damage. Other secondary sources rely on unknown sources (AM; GCT). GII refer to 972,"Near Contemporary: Cedrenus
Secondary: al-Antaki; al-Maqrizi; Ibn al-Dawadar; Ibn Shadad; Ibn al-Shihna; Ibn al-Athir; al-Suyuti",AM; GCT; SDM;,Historical,4,3
133,991 Apr 5 (night),991.00000000,-,Moderate,MA,4,Strong,,NULL,NULL,NULL,NULL,NULL,C-N,"Damascus, Baalbeck",Damascus,36.29000000,33.51000000,0,1,According to several independent secondary sources (AM; GCT; KA),Secondary Sources: Al-Antaki Tar. 173; al-Maqr. Ittiaz ii/273,AM; GCT; KA; SAL; SAL2; SDM; GII,Historical,3,4
138,1033 Dec 5 (night),1033.00000000,-,Very High,MA,5,Strong-Major,7.1 (MIG); 6.7 (BM); 6.7 (BM5);  Me = 6 (GC); 7 <=Ms<=7.8 (AMJA),6.80000000,NULL,NULL,NULL,NULL,C,"Ramla, Syria (?)",Baniyas [IL],35.61000000,33.24000000,1,1,"Large event heavily damaging Ramla and other cities in the center of Palestine. The main source is the letter of Salomon ben-Zemah (Ya'ari, 1943, 70-73). GC places the epicenter in Palestine while AM claims the event occurred in Syria. There are also reports of an associated tsunami (SAL2 and references therein) that may suggest an offshore epicenter. The 1034 Feb 17th is probably a belated aftershock. KLA implies of the ruptured Arava fault between 806-1044 and vaguely suggest an association. KKW correlated rock falls with this earthquake at the north of Galilee","Contemporary Sources: Salomon ben Zemah / Yehuda: Letter to Ephraim ben Shmaria
Secondary sources: al-Antaki, Dhayl,p.272; al-Suyuti, Kashf, p.32; al-'Ulaimi, al-Uns, p.270; Ibn al-Athir, al-Kamil, IX p.438; Ibn al-Jawzi, alMuntazam, VIII, pp.77; Ibn al-Jawzi, al-Muntazam, VIII, pp.77; Sawirus, Hist., II/2, p.182; Scyl., Synopsis, p.389",AM; GC; SAL; SAL2; AMJA; GII; FR; MIG; KAG; KLA; KKW,Historical,21,4
144,1063 Aug,1063.00000000,-,Moderate,MA,4,Strong,6.5-7 (MIG); 6.5 < M < 7 (MGS),6.70000000,NULL,NULL,NULL,NULL,C-N,Syrian littoral,East Mediterranean (A),34.12000000,34.07000000,0,1,The event struck the Lebanese coast from Antakya to Tyre. The source was probably offshore between the Lebanese coast and Cyprus (AM); ELI suggest a local fault close to the Lebanease shore,"Contemporary: Matth. Edess. 95–97
Secondary: Ibn al-Jawzi, al-Muntazam; Ibn al-Athir, al-Kamil; Ibn Kathir al-Bidaya",AM; GC; SAL; SDM; MGS; ELI; KAK; MIG; AMM,Historical & Paleoseimic/Archaeoseimic,6,3
148,1068 Mar 18,1068.00000000,-,High,MA,6,Major,6.9 (MIG); 6.6 - 7 (ZIL); 7.0 ? MS ? 7.8 (AMJA); 7 (BM); Me-8.1 (GC),7.30000000,NULL,NULL,NULL,NULL,S,Gulf of Elat,Aqaba,35.00000000,29.52000000,1,1,"Destructive event reported in several independent Arabic sources (AM; GC; KA). GC places the epicenter at 34.95° / 29.55° with I0 =IX and Me=8.1. ZIL attributes a magnitude of 6.6 – 7 according to a vertical displacement of 1 m.
The absence of information from Damascus and Aleppo to the north and the silence of contemporary Byzantine historians argue against the 18 March 1068 earthquake having had an epicentre near al-Ramla. It would seem therefore, that the account of the destruction of al-Ramla, which is well attested by several reliableArab chroniclers, must either be considered as an exaggeration, bringing it simply within the area of minor damage by a large earthquake to the south, which is not feasible, or accepted at face value, which would require a separate, locally damaging shock of a very much smaller magnitude than that of the March 1068 earthquake in its immediate vicinity.There is little doubt, therefore, that the May 1068 earthquake was a local event of relatively small magnitude in Palestine (AM). HNA correlated an evidence in Qasr Tilah. KLA implies of the ruptured Arava fault.","Contemporary Sources: ; Ibn al-Banna in Makdisi (1956), pp.239, 240-1, English translation pp.250-1; 
Secondary sources :Ibn al-Athir, al-Kamil, X, p.39; Ibn al-Jawzi, al-Muntazan, VIII, pp.248, 256; Ibn al-Qalanisi, Dhayl, p.94;",AM; GC; KA; SAL; SAL2; AMJA; HNA; KLA,Historical & Paleoseimic/Archaeoseimic,21,5
149,1068 May 29,1068.20000000,-,Moderate,S,3,Moderate-Strong,"6 (GC: Guidoboni & Comastri, 2005);",6.00000000,NULL,NULL,NULL,NULL,C,Ramla,Ramla,34.87000000,31.92000000,0,0,Probably follows the March event (see previous entry) but   not related to it.  The primary source for both is Ibn al-Banna who indeed mentions two dates: March 18th and   May 29th. All other sources are secondary and cite each other (GC; AM).,"Contemporary Sources: Ibn al-Banna in Makdisi (1956), pp.239, 240-1, English translation pp.250-1",AM; GC; SAL;,Historical,4,4
151,1086 Apr 18 – 1087 Apr 07,1086.00000000,2,Moderate,U,4,Strong,,NULL,NULL,NULL,NULL,NULL,N,"Antioch, Aleppo(?)",Antakya,36.16000000,36.20000000,0,0,AM: referenced vaguely by secondary sources without a solid finding of its occurrence. Could be duplicated from the 1091 event,"Near contemporary:  Michael the Syrian; Ibn al-Athir ( (1160-1233)
Secondary: Abul Feda (1273-1331); al-Suyuti; al-Umari; al-Qusi (19th century)",AM; GC;,Historical,4,3
153,1091 Sep 26,1091.20000000,-,High,MA,4,Strong,,NULL,NULL,NULL,NULL,NULL,N,Antioch,Antakya,36.16000000,36.20000000,0,0,Damage observed throughout Antakya (AM).,"Near Contemporary: Sawirus 179r/363; Ibn al-Qalanisi (c. 1070 – March 18, 1160); Matth. Eddss. 35/202; Michael the Syrian 
Secondary: Ajami 12b/8; al-Suyuti 67/22; Nicet. Ancyr. 271.1;  Sembat (7);  Ibn al-Dawadari (viii. Sub ann.); and Darrouz` es (1966, 38–53, 267).",AM; GC; SDM;,Historical,1,3
154,1094 Apr 20 - Jun 17,1094.00000000,1,Moderate,MA,1,Light,,NULL,NULL,NULL,NULL,NULL,C-N,Syria,Syria (A),37.03000000,34.93000000,0,1,"An earthquake was strongly felt in Syria, and was followed
by aftershocks night and day for up to two months, some of the tremors lasting for a considerable time. No damage is recorded, however. Reported by Arabic sources (AM; GC). Since Ibn al-
Qalanisi has a series of earthquakes, the disparity of date between the two authors probably indicates an earthquake in late April or early June AD 1094, followed by six weeks or two months of aftershocks.","Near contemporary: Ibn al-Qalansi 29/127
Secondary sources:Ibn al-Athir, Kamil x.200",AM; GC; SAL; SDM; GII,Historical,1,1
155,1097 Oct 13,1097.00000000,-,Moderate,S,1,Light,,4.50000000,NULL,NULL,NULL,NULL,N,Antioch (?),Antakya,36.16000000,36.20000000,0,0,"The reporting mid 12th century chronicle, the Latin Chronocon Malleacense, is quite reliable and probably based on primary sources living in the vicinity of Antakya (AM)",Near Contemporary: Chr. Max. Pict. Ad ann. 1097,AM;,Historical,1,0
156,1097 Dec 30,1097.20000000,-,High,S,2,Moderate,,NULL,NULL,NULL,NULL,NULL,N,Antioch,Antakya,36.16000000,36.20000000,0,0,Occurred during the Crusader’s siege of Antakya and reported by contemporary sources. There is no precise location of the earthquake or knowledge of how widely it was felt. The earthquake was not reported from Edessa and it is not mentioned in Arabic sources (AM).,"Contemporary: Raim.Agui. 245; Rad, 646; Fulch. I. xv. 16/95; Secondary: Estorie, 635; Historia Gotfridi 466;",AM; GC;,Historical,2,2
157,1098 Oct 5,1098.00000000,-,Moderate,S,1,Light,,NULL,NULL,NULL,NULL,NULL,N,Antioch,Antakya,36.16000000,36.20000000,0,0,AM: the Latin Chronocon Malleacense is the only reporting source,Near Contemporary: Chr. Max. Pict. Ad ann. 1097,AM;,Historical,1,0
159,1105 Dec 24 (evening),1105.00000000,-,High,S,1,Light,,NULL,NULL,NULL,NULL,NULL,C,Jerusalem,Jerusalem,35.23371042,31.77430227,0,1,"Felt event that was recorded by an eye witness (Fulcher of Chartres), accounted as reliable, and several creditable secondary sources. (AM). The event did not result in damage but was felt in Jerusalem. GC attribute an intensity of VI-VII (MCS scale) to the event.","Contemporary Sources: Fulk Chart., Hist., p.415; Bart. Nang., Ad gesta, p.542;
Secondary sources: Lis. Tours, Ad secund., p.567; Vinc. Beauv.,spe. Hist., p.1043a",AM; GC; KA; GII,Historical,2,1
159,1105 Dec 24 (evening),1105.00000000,-,High,S,1,Light,,NULL,NULL,NULL,NULL,NULL,C,Jerusalem,Tiberias - Southern Gate,29.75160000,33.67970000,0,1,"Felt event that was recorded by an eye witness (Fulcher of Chartres), accounted as reliable, and several creditable secondary sources. (AM). The event did not result in damage but was felt in Jerusalem. GC attribute an intensity of VI-VII (MCS scale) to the event.","Contemporary Sources: Fulk Chart., Hist., p.415; Bart. Nang., Ad gesta, p.542;
Secondary sources: Lis. Tours, Ad secund., p.567; Vinc. Beauv.,spe. Hist., p.1043a",AM; GC; KA; GII,Historical,2,1
160,1108 Sep,1108.00000000,-,Moderate,S,4,Strong,,NULL,NULL,NULL,NULL,NULL,N,Syria,Syria (A),37.03000000,34.93000000,0,0,"The event is reported by Michael the Syrian, 12th century writer. Given that he was the Jacobite Syrian patriarch, it may well have taken place in SyriaHe uses the phrase ‘violent’ and the collapse of ‘many important places’ (AM).",Near Contemporary: Mich. Syr. Xv.10/iii. 197,AM; GC;,Historical,1,3
161,1113 Jul 18,1113.00000000,-,High,MA,2,Moderate,,NULL,NULL,NULL,NULL,NULL,C,Jerusalem,Jerusalem,35.23371042,31.77430227,0,0,"In Jerusalem and the surrounding area an earthquake was felt, perhaps quite strongly, since it was feared that buildings would collapse.Based upon the testimony of Fulcher of Chartres, probably an eye witness (AM). An after shock in AD 1113 Aug 9.","Contemporary: Fulch., Gest. Franc. 50/208f",AM;,Historical,2,1
161,1113 Jul 18,1113.00000000,-,High,MA,2,Moderate,,NULL,NULL,NULL,NULL,NULL,C,Jerusalem,Tiberias - Southern Gate,29.75160000,33.67970000,0,0,"In Jerusalem and the surrounding area an earthquake was felt, perhaps quite strongly, since it was feared that buildings would collapse.Based upon the testimony of Fulcher of Chartres, probably an eye witness (AM). An after shock in AD 1113 Aug 9.","Contemporary: Fulch., Gest. Franc. 50/208f",AM;,Historical,2,1
167,1117 Jun 26,1117.00000000,-,High,S,2,Moderate,"5.5 (Light damage, personal jujdement)",5.50000000,NULL,NULL,NULL,NULL,C,Jerusalem,Jerusalem,35.23371042,31.77430227,0,1,"Based upon the testimony of Fulcher of Chartres, probably an eye witness (AM). Does not mention damage","Contemporary: Fulch. Gest.Franc.1xi/220; Bongars 754; 
Secondary: Abu’l-Faraj 281/248; Historia Hieorsolymitana",AM; KA; SAL; GII,Historical,2,3
167,1117 Jun 26,1117.00000000,-,High,S,2,Moderate,"5.5 (Light damage, personal jujdement)",5.50000000,NULL,NULL,NULL,NULL,C,Jerusalem,Tiberias - Southern Gate,29.75160000,33.67970000,0,1,"Based upon the testimony of Fulcher of Chartres, probably an eye witness (AM). Does not mention damage","Contemporary: Fulch. Gest.Franc.1xi/220; Bongars 754; 
Secondary: Abu’l-Faraj 281/248; Historia Hieorsolymitana",AM; KA; SAL; GII,Historical,2,3
173,1138 Oct 11,1138.00000000,-,High,MA,4,Strong,,NULL,NULL,NULL,NULL,NULL,N,Antharib,Atharib,36.81000000,36.13000000,0,1,Series of shocks from October 1138 until December 1138 (AM; GC). Main damage area in northern Syria,"Contemporary: Ibn al-Qalanisi 250/268, 253/270; Mich. Syr.xvi.9/iii. 250f Secondary: Kem. Al-Din, 679; Ab. Fed. RHC, i. 25; Chron 1234, 280, 406/ii.86-87; Ibn al-Shihna, a.H. 533; al-Suyuti 76/24;",AM; GC; SAL; SDM;,Historical,10,4
174,1139 Jun 21,1139.00000000,-,High,MA,2,Moderate,,NULL,NULL,NULL,NULL,NULL,C-N,Damascus,Damascus,36.29000000,33.51000000,0,1,"According to Ibn al-Qalanisi (c. 1070 – March 18, 1160) that might witnessed the event.",Contemporary: Ibn al-Qalanisi 251/269,AM; SDM; GII,Historical,1,2
176,1151 Sep 27,1151.00000000,-,Moderate,C,4,Strong,,NULL,NULL,NULL,NULL,NULL,C,Hauran,Hauran,36.49000000,32.75000000,0,1,"Based upon the testimony of Ibn al-Qalanisi. However, although contemporary, he probably cites events he heard and did not witnessed (AM; GC)",Contemporary: Ibn al-Qalanisi 325/317,AM; GC; SAL; SDM; GII,Historical,3,3
177,1152 Feb 3 (before dawn),1152.00000000,-,Moderate,C,2,Moderate,,NULL,NULL,NULL,NULL,NULL,C-N,Damascus,Damascus,36.29000000,33.51000000,0,1,Could be related to the events series described in the previous entry. GC places the event in Busra and Hauran while AM places the occurrence in Damascus (3 shocks),Contemporary: Ibn al-Qalanisi 327/318,AM; GC; SAL; GII,Historical,1,1
179,1156 Sep 27,1156.00000000,-,High,F,2,Moderate,,NULL,NULL,NULL,NULL,NULL,C-N,Damascus,Damascus,36.29000000,33.51000000,0,0,AM: reported by Ibn al-Qalanisi and also by al-Suyuti that draws from Abu-Shama (1203-1268). The two events are most likely foreshocks of the event in 1156 Oct 13,"Contemporary: Ibn al-Qalanisi
Secondary: al-Suyuti after Abu-Shama",AM; SAL; SDM;,Historical,1,2
180,1156 Oct 10  (night),1156.20000000,-,High,F,1,Light,,NULL,NULL,NULL,NULL,NULL,C-N,Damascus,Damascus,36.29000000,33.51000000,0,0,AM: reported by Ibn al-Qalanisi and also by al-Suyuti that draws from Abu-Shama (1203-1268). The two events are most likely foreshocks of the event in 1156 Oct 13,"Contemporary: Ibn al-Qalanisi 
Secondary: al-Suyuti after Abu-Shama",AM; SDM,Historical,1,2
181,1156 Oct 13 (morning),1156.30000000,-,High,FMA,5,Strong-Major,,NULL,NULL,NULL,NULL,NULL,C-N,"Hama, Afamya, Aleppo",Hamma,36.75000000,35.13000000,0,0,The event damaged Aleppo and Hamah and was felt in Damascus,"Contemporary: Ibn al-Qalanisi; Greg.Pr.179;
Secondary: al-Suyuti",AM; GC; SAL; SDM;,Historical,4,3
182,1156 Oct 17,1156.40000000,-,High,A,1,Light,,NULL,NULL,NULL,NULL,NULL,C-N,Damascus,Damascus,36.29000000,33.51000000,0,0,The series between Oct 17 and Nov 23 followed the Oct 13 event. They might aftershocks of the latter. There is no reports of damage although several of them where ‘strongly felt’ and thus attributed with S-M degree of damage. The reports of these events are based upon Ibn al-Qalanisi and al-Suyuti (following Abu-Shama).,"Contemporary: Ibn al-Qalanisi 
Secondary: al-Suyuti after Abu-Shama",AM; SDM;,Historical,1,1
183,1156 Oct 18,1156.50000000,-,High,A,2,Moderate,,NULL,NULL,NULL,NULL,NULL,C-N,Damascus,Damascus,36.29000000,33.51000000,0,0,The series between Oct 17 and Nov 23 followed the Oct 13 event. They might aftershocks of the latter. There is no reports of damage although several of them where ‘strongly felt’ and thus attributed with S-M degree of damage. The reports of these events are based upon Ibn al-Qalanisi and al-Suyuti (following Abu-Shama).,"Contemporary: Ibn al-Qalanisi 
Secondary: al-Suyuti after Abu-Shama",AM; SDM;,Historical,1,1
184,1156 Oct 20,1156.60000000,-,High,A,2,Moderate,,NULL,NULL,NULL,NULL,NULL,C-N,Damascus,Damascus,36.29000000,33.51000000,0,0,The series between Oct 17 and Nov 23 followed the Oct 13 event. They might aftershocks of the latter. There is no reports of damage although several of them where ‘strongly felt’ and thus attributed with S-M degree of damage. The reports of these events are based upon Ibn al-Qalanisi and al-Suyuti (following Abu-Shama).,"Contemporary: Ibn al-Qalanisi 
Secondary: al-Suyuti after Abu-Shama",AM; SDM;,Historical,1,1
185,1156 Oct 31 (night),1156.70000000,-,High,A,2,Moderate,,NULL,NULL,NULL,NULL,NULL,C-N,Damascus,Damascus,36.29000000,33.51000000,0,0,The series between Oct 17 and Nov 23 followed the Oct 13 event. They might aftershocks of the latter. There is no reports of damage although several of them where ‘strongly felt’ and thus attributed with S-M degree of damage. The reports of these events are based upon Ibn al-Qalanisi and al-Suyuti (following Abu-Shama).,"Contemporary: Ibn al-Qalanisi 
Secondary: al-Suyuti after Abu-Shama",AM; SDM;,Historical,1,1
186,1156 Nov 1 (early hours),1156.80000000,-,High,A,1,Light,,4.50000000,NULL,NULL,NULL,NULL,C-N,Damascus,Damascus,36.29000000,33.51000000,0,0,The series between Oct 17 and Nov 23 followed the Oct 13 event. They might aftershocks of the latter. There is no reports of damage although several of them where ‘strongly felt’ and thus attributed with S-M degree of damage. The reports of these events are based upon Ibn al-Qalanisi and al-Suyuti (following Abu-Shama).,"Contemporary: Ibn al-Qalanisi 
Secondary: al-Suyuti after Abu-Shama",AM; SDM;,Historical,1,1
187,1156 Nov 2,1156.90000000,-,High,A,1,Light,,4.50000000,NULL,NULL,NULL,NULL,C-N,Damascus,Damascus,36.29000000,33.51000000,0,0,The series between Oct 17 and Nov 23 followed the Oct 13 event. They might aftershocks of the latter. There is no reports of damage although several of them where ‘strongly felt’ and thus attributed with S-M degree of damage. The reports of these events are based upon Ibn al-Qalanisi and al-Suyuti (following Abu-Shama).,"Contemporary: Ibn al-Qalanisi 
Secondary: al-Suyuti after Abu-Shama",AM; SDM;,Historical,1,1
188,1156 Nov 7 (night),1156.92000000,-,High,A,2,Moderate,,NULL,NULL,NULL,NULL,NULL,C-N,Damascus,Damascus,36.29000000,33.51000000,0,0,The series between Oct 17 and Nov 23 followed the Oct 13 event. They might aftershocks of the latter. There is no reports of damage although several of them where ‘strongly felt’ and thus attributed with S-M degree of damage. The reports of these events are based upon Ibn al-Qalanisi and al-Suyuti (following Abu-Shama).,"Contemporary: Ibn al-Qalanisi 
Secondary: al-Suyuti after Abu-Shama",AM; SDM;,Historical,1,2
189,1156 Nov 18,1156.93000000,-,High,A,2,Moderate,,NULL,NULL,NULL,NULL,NULL,C-N,Damascus,Damascus,36.29000000,33.51000000,0,0,The series between Oct 17 and Nov 23 followed the Oct 13 event. They might aftershocks of the latter. There is no reports of damage although several of them where ‘strongly felt’ and thus attributed with S-M degree of damage. The reports of these events are based upon Ibn al-Qalanisi and al-Suyuti (following Abu-Shama).,"Contemporary: Ibn al-Qalanisi 
Secondary: al-Suyuti after Abu-Shama",AM; SDM;,Historical,1,2
190,1156 Nov 23 (midday),1156.94000000,-,High,A,1,Light,,4.50000000,NULL,NULL,NULL,NULL,C-N,Damascus,Damascus,36.29000000,33.51000000,0,0,The series between Oct 17 and Nov 23 followed the Oct 13 event. They might aftershocks of the latter. There is no reports of damage although several of them where ‘strongly felt’ and thus attributed with S-M degree of damage. The reports of these events are based upon Ibn al-Qalanisi and al-Suyuti (following Abu-Shama).,"Contemporary: Ibn al-Qalanisi 
Secondary: al-Suyuti after Abu-Shama",AM; SDM;,Historical,1,1
191,1156 Dec 8,1156.95000000,-,Moderate,C,4,Strong,,NULL,NULL,NULL,NULL,NULL,N,Aleppo,Damascus,36.29000000,33.51000000,0,0,A strong series of shocks causing damage in northern Syria (AM),"Contemporary: Ibn al-Qalanisi. 
Secondary: al-Suyuti",AM; GC; SAL; SDM;,Historical,4,4
192,1157 Apr 2 (after sunrize),1157.00000000,-,High,MA,4,Strong,,NULL,NULL,NULL,NULL,NULL,C-N,Hamah,Damascus,36.29000000,33.51000000,0,0,Damaging event followed by series of aftershocks (AM; GC),"Contemporary: Ibn al-Qalanisi. 
Secondary: al-Suyuti",AM; SAL; SDM;,Historical,6,3
193,1157 Apr 3,1157.20000000,-,High,A,1,Light,,4.50000000,NULL,NULL,NULL,NULL,C-N,Damascus,Damascus,36.29000000,33.51000000,0,0,"Probably an aftershock of April 2, 1157 event","Contemporary: Ibn al-Qalanisi. 
Secondary: al-Suyuti",AM; SDM;,Historical,1,1
194,1157 Apr 4,1157.30000000,-,High,A,1,Light,,4.50000000,NULL,NULL,NULL,NULL,C-N,Damascus,Damascus,36.29000000,33.51000000,0,0,"Probably an aftershock of April 2, 1157 event","Contemporary: Ibn al-Qalanisi. 
Secondary: al-Suyuti",AM; SDM;,Historical,1,1
195,1157 Jul 1,1157.40000000,-,High,F,1,Light,,NULL,NULL,NULL,NULL,NULL,C-N,Damascus,Damascus,36.29000000,33.51000000,0,0,"Probably Foreshock of the July, 5 1157 event","Contemporary: Ibn al-Qalanisi. 
Secondary: al-Suyuti",AM; SDM;,Historical,1,1
196,1157 Jul 5,1157.50000000,-,High,FM,4,Strong,,NULL,NULL,NULL,NULL,NULL,C-N,Damascus,Damascus,36.29000000,33.51000000,0,0,"Four shocks affecting Damascus and perhaps Homs, Apamea, Hamah and Aleppo.",Contemporary: Ibn al-Qalanisi.,AM; GC; SAL; SDM;,Historical,5,2
197,1157 Jul 13,1157.60000000,-,High,MA,4,Strong,,NULL,NULL,NULL,NULL,NULL,C-N,Shaizar,Shaizar,36.56000000,35.25000000,0,0,"MA: Destructive event followed by a single aftershock that damaged Homs, Hamah, Shaizar and Kafr-tab. Reported by Ibn al-Qalanisi and Abu-Shama. Could be part of the series of events culminated in August  12, 1157 (next entry)","Contemporary: Ibn al-Qalanisi. 
Secondary: al-Suyuti; Abu Shama",AM; SDM;,Historical,8,4
198,1157 Aug 12 (night),1157.70000000,-,Very High,FMA,6,Major,7-7.5 (MIG: Migowsky et al 2004); M > 7 (Ambraseys and Barazangi 1989); 7.3 (BM: Ben-Menahem 1991); 7 < M < 7.5 (MGS),7.20000000,NULL,NULL,NULL,NULL,N,Apamea,Apamea,36.39000000,35.41000000,0,1,"Very destructive event occurred in the north part of the DST. AM: It ends a period of over a year of foreshocks. Probably Occurred at the collision of the DST with the East Anatolian Fault with an epicentral near Apamea, Shaizar and Hama (AM). GC (relies on Ibn al-Jawzi) dates the event to occur between August 9th and September 7th.","Contemporary: Mich. Syr. xviii. 5/iii. 315f; Ibn al-Qalanisi Gibb 339; Ibn al-Qalanisi C 341–344; Ibn al-Jauzi, Munt. 10/176; Benj. Tud, 22/17; Rob. Tor. 194; i. 309; Ibn al-Athir, Kamil C 503–506/x. 144; Yaqut, Mu‘jam 3/353; Abu Shama, C 37–40, 84–85, 95; Kemal ad-Din, Zubdat, 2/306; 
Secondary: Chron. 1234, 440/ii. 117; Abu’l-Fida; Ibn Tagh. Bir, 508–509; al-Suyuti P 12r; B 30b. 81bis /27–28; Elisseeff (1967, 218, 219, 245, 373, 512–515); Berchem and Fatio (1913, 176, 182, 192); Guyard (1877 sub ann.); Ibn Jubayr. 246; Dussaud (1927, 266, 274); Neoph. 133/211; Usama, Kitab al-manazil, intro. p. 53; Diwan, vii. 276–282, 304–309; Chron. 813, 302; Ibn al-’Adim, Tarikh, ii. 306–307; Ibn Wasil, i. 128; Ibn Kathir, Nih. sub ann; Ibn al-Furat sub ann; al-‘Aini, Tarikh, BN MS Arabes 5761, 206a; al-Qalqashandi, Subh, i. 457; Sibt b. al-’Ajami, 8–9; al-’Umari, f. 75r/v; Matth. Edess., Chron. 490; Nicet. Chon., 78; Greg. Pr. 179",AM; GC; SAL; SAL2; AMJA; SDM; RAP; GII; MGS,Historical,31,5
199,1157 Aug (night) 13,1157.80000000,-,High,A,1,Light,,NULL,NULL,NULL,NULL,NULL,C-N,Shaizar,Shaizar,36.56000000,35.25000000,0,0,Probably an aftershock of the previous entry,"Contemporary: Ibn al-Qalanisi
Secondary: al-Suyuti, Abu-Shama",AM; SAL; SAL2; SDM;,Historical,1,4
200,1157 August 16 (night) - 19,1157.90000000,-,Moderate,A,2,Moderate,,NULL,NULL,NULL,NULL,NULL,C-N,Damascus,Damascus,36.29000000,33.51000000,0,0,"Cluster of aftershocks, Probably aftershocks of the event of August 12","Contemporary: Ibn al-Qalanisi
Secondary: al-Suyuti; Abu Shama",AM; SAL; SAL2; SDM;,Historical,4,1
201,1157 Sep 6,1157.92000000,-,Moderate,S,2,Moderate,,NULL,NULL,NULL,NULL,NULL,C-N,Tayma,Tayma,36.75000000,32.84000000,0,0,Probably an aftershock of the event of August 12,"Contemporary: Ibn al-Qalanisi. 
Secondary: al-Suyuti",AM; SAL; SDM;,Historical,2,3
202,1157 Oct 30,1157.93000000,-,High,MA,4,Strong,,NULL,NULL,NULL,NULL,NULL,C-N,Hamma,Hamma,36.75000000,35.13000000,0,0,"Violent local aftershock (AM, based upon Ibn al-Qalanisi and Abu-shama)","Contemporary: Ibn al-Qalanisi. 
Secondary: al-Suyuti",AM; SDM;,Historical,2,3
203,1157 Nov 14,1157.94000000,-,High,A,2,Moderate,,NULL,NULL,NULL,NULL,NULL,C-N,Damascus,Hamma,36.75000000,35.13000000,0,0,"Series of aftershocks following the October 30 event. The tremors were felt in Damascus and recorded by Ibn al-Qalanisi, contemporary writer who lived in Damascus at that time. Reports of these events exist in al-Suyuti accounts that probably copies references from Abu-Shama (AM)","Contemporary: Ibn al-Qalanisi. 
Secondary: al-Suyuti",AM; SDM;,Historical,1,2
204,1157 Dec 13,1157.95000000,-,High,A,2,Moderate,,NULL,NULL,NULL,NULL,NULL,C-N,Damascus,Damascus,36.29000000,33.51000000,0,0,See previous entry for details,"Contemporary: Ibn al-Qalanisi. 
Secondary: al-Suyuti",AM; SDM;,Historical,1,1
205,1157 Dec 26,1157.96000000,-,High,A,2,Moderate,,NULL,NULL,NULL,NULL,NULL,C-N,Damascus,Damascus,36.29000000,33.51000000,0,0,See previous entry for details,"Contemporary: Ibn al-Qalanisi. 
Secondary: al-Suyuti",AM; SDM;,Historical,1,2
206,1157 Dec 28,1157.97000000,-,High,A,1,Light,,4.50000000,NULL,NULL,NULL,NULL,C-N,Damascus,Damascus,36.29000000,33.51000000,0,0,See previous entry for details,"Contemporary: Ibn al-Qalanisi. 
Secondary: al-Suyuti",AM; SDM;,Historical,1,1
207,1158 Jan (eve/night) 2,1158.00000000,-,High,C,2,Moderate,,NULL,NULL,NULL,NULL,NULL,C-N,Damascus,Damascus,36.29000000,33.51000000,0,0,See previous entry for details,"Contemporary: Ibn al-Qalanisi. 
Secondary: al-Suyuti",AM; SDM;,Historical,1,2
209,1158 Apr 24,1158.30000000,-,High,A,1,Light,,4.50000000,NULL,NULL,NULL,NULL,C-N,Damascus,Damascus,36.29000000,33.51000000,0,0,Based on the testimony Ibn al-Qalanisi,Contemporary: Ibn al-Qalanisi.,AM; SDM;,Historical,1,1
211,1158 Aug 20 (dawn/midday),1158.50000000,-,Moderate,S,1,Light,,4.50000000,NULL,NULL,NULL,NULL,C-N,Damascus,Damascus,36.29000000,33.51000000,0,0,Based on Ibn al-Qalanisi,"Contemporary: Ibn al-Qalanisi. 
Secondary: Abu Shama",AM;,Historical,1,1
214,1159 Jan 23 (dawn),1159.00000000,-,High,MA,2,Moderate,,NULL,NULL,NULL,NULL,NULL,C-N,Damascus,Damascus,36.29000000,33.51000000,0,0,Based on Ibn al-Qalanisi - the event was followed by two milder shocks,Contemporary: Ibn al-Qalanisi.,AM;,Historical,1,1
215,1159 Apr 12-13,1159.20000000,-,Moderate,C,2,Moderate,,NULL,NULL,NULL,NULL,NULL,C-N,Damascus,Damascus,36.29000000,33.51000000,0,0,Based on Ibn al-Qalanisi,Contemporary: Ibn al-Qalanisi.,AM;,Historical,1,2
216,1159 May 8,1159.30000000,-,High,C,2,Moderate,,NULL,NULL,NULL,NULL,NULL,C-N,Damascus,Damascus,36.29000000,33.51000000,0,0,Based on Ibn al-Qalanisi – Two tremors before dawn,Contemporary: Ibn al-Qalanisi.,AM;,Historical,1,1
218,1162 Aug,1162.00000000,1,Moderate,S,4,Strong,,NULL,NULL,NULL,NULL,NULL,N,Balis,Balis,36.40000000,35.79000000,0,0,"AM dates the event to 1162 with damage in Anticoh, Edessa, Bails and perhaps Nisibis while GC date the event to 1163 with affected area around Antioch",Near Contemporary: Eli. Nis. Cont. 230,AM; GC; SAL;,Historical,4,3
219,1170 Jun 29 (0345),1170.00000000,-,Very High,FM,6,Major,"7 (MIG: Migowsky et al 2004); M > 7 (Ambraseys and Barazangi 1989); 6.6 (Hough & Avni, 2010); 7.9 (TUAR: Turcotte and Arieh 1988); 7.0 ? MS ? 7.8 (Ambraseys & Jackson, 1998); 7.5 (BM: Ben-Menahem 1991); M = ~ 7.5 (MGS)",7.30000000,NULL,NULL,NULL,NULL,N,Shaizar,Shaizar,36.56000000,35.25000000,0,1,Relatively large event (HOAV; AMJA; KA; AM; GC) at northern Syria that was felt to now day Iraq. Many of the localities that were hit in Previous events were not completely repaired when the earthquake struck.,"Contemporary: Will. Tyr. RHC Oce xviii/971–973; Lat. Old Fr; Purchas vii (trans. New York 1943); ii. 370–371); Mich. Syr. xix. 6/iii. 337–339; C. 370; C. 370; iv. 696; Mich. Syr. Arm. 332; C i. 370–377; Sibt ibn al-Jauzi 8/174; Chicago edn, 174; Ibn al-Athir B. xi. 355; Abu Shama, RHC. 150, 154; Kemal ad-Din, A iii. 572, R 143/332; Ibn al-Adim, Zubdat, 2/33; Rob. Tor. 220b/246; ii. 20; Benj. Tud. 49–50/31–32, 22/17; Abu’l Faraj, ch, 339/ii. 295–297; 
Secondary: Het’um, M 59; C. a. Arm. 619; II. i. 76; Mayer (1977, 338); Richard (1972); Ibn al-Shihnah S. 67/64 Nawadir; Ajami viii. 13a/9; 29b/24; Rey (1896, 376); Berchem (1902, 420); Hagenmayer (1890, 420); Alouf (1908, 61); Annales 5689; al-Umari, f. 78v.",AM; GC; KA; SAL; SAL2; AMJA; SDM; RAP; HOAV; MGS; SMS,Historical,32,5
222,1202 May 20 (0240),1202.00000000,-,Very High,MA,6,Major,"7.5 (MIG: Migowsky et al 2004); 7.5 (Ambraseys and Melvile 1988); 7.6 (Hough & Avni, 2010); 6.8 (BM: Ben-Menahem 1991);  8.8 (BM4: Ben-Menahem 1981); M > 7 (Ellenblum et al., 1998); 7.0 ? MS ?  7.8 (Ambraseys & Jackson, 1998); M > 7.5 (MGS)",7.50000000,NULL,NULL,NULL,NULL,C-N,Baalbek,Baalbeq,36.20000000,34.00000000,1,1,"Destructive earthquake in Lebanon, ground breakage north of the Hula pull apart (EMARB; MABBEE). Wide extent, casualties and many affected localities (AM; GC). KKW correlated rock falls with this earthquake at the north of Galilee.","Contemporary: Geoffrey of Donjon, in Mayer 1972, 306–308; Philippe de Plessis, in Mayer 1972, 308–310; Sal. Ad. 23; Amadi,
91f.; Annales 6447; Rob. Aux. 264; Abu’l-Faraj 351/407; Cogg. 141–142; Gestes Chypr. RHC 59/663; Ernoul, 31; Wilb. Old. xxvii/180/Excerpta 14; Ibn al-Athir, al-Kamil 12/110; Abu’l-
Fida al-Mukht. 262–270;
Secondary: MS Barletta, Kohler 1901, 42/401; Estoire 244–245; Fabri, i. 283b/ix. 350; Het’um Chron. 480; Het’um Pat. Het. Chron. ii. 61; (Alb. Mil. 654; Will. Nang; (Choniat Bonn 701; Abd
al-Latif, r.e. 262/414; Sibt ibn al-Jauzi, Mir’at 8/331; Ibn al-Dawadari, vii. 149–150; Ibn al-Jauzi, al-Mirat, 8/311;",AM; GC; KA; SAL; SAL2; AMME; AMJA; SDM; HOAV; DAKL2; AMM; MGS; KKW,Historical,42,5
223,1212 May 01,1212.00000000,-,High,FMA,5,Strong-Major,6.7 (MIG),6.70000000,VIII-IX,NULL,NULL,NULL,S,Gulf of Aqaba,Arava (A),35.26000000,30.70000000,0,1,Moderate event affected southern Palestine at the time. The main evidence is the contemporary Arabic scholar Abu-Shama. GC and AM estimate the source to the Gulf of Aqaba region. KLA implies of the ruptured Arava fault,"Near Contemporary: Abu Shama, Dhayl, p.78; 
Secondary: Ibn Kathir, al-Bidaya, XIII, p. 62; al-Maqziri, kitab, I/1, p.175; al-Suyuti, Kashf, p.49",AM; GC; KA; SAL; KEN; AMM; KLA; KAG,Historical,6,3
225,1259 Mar 22,1259.00000000,-,Moderate,MA,4,Strong,,NULL,NULL,NULL,NULL,NULL,C-N,Damascus,Damascus,36.29000000,33.51000000,0,1,The sources but al-Maqziri amalgamates this event with that in Egypt in 1261. GII refer to 1260,TODO,GC; SAL;,Historical,1,3
229,1284,1284.00000000,1,Moderate,S,2,Moderate,,NULL,NULL,NULL,NULL,NULL,C-N,Damascus,Damascus,36.29000000,33.51000000,0,1,felt in Damascus and surrounding and causing slight damage,TODO,AM; GC; SAL; SDM; GII,Historical,1,2
230,1287 Feb 16,1287.00000000,-,High,F,1,Light,,4.50000000,NULL,NULL,NULL,NULL,C-N,Safitha (in Syria),Safitta Castle,36.11000000,34.81000000,0,0,"The events in Feb 1287 contain three entries, all by one contemporary source (Ibn Zahir). AM imply of two foreshocks in northern Syria but SAL and GC refer to it as 3 separate events.",TODO: Ibn Abd al- Zahir…;,AM; GC; SAL; SDM;,Historical,1,2
231,1287 Mar 08,1287.20000000,-,High,F,1,Light,,4.50000000,NULL,NULL,NULL,NULL,C-N,Homs,Homs,36.71000000,34.73000000,0,1,See the 1287 Feb 16 event for further details,TODO,AM; GC; SAL; SDM; GII,Historical,1,2
232,1287 Mar 21,1287.30000000,-,High,S,4,Strong,,NULL,NULL,NULL,NULL,NULL,C-N,Latakia,Latakia,35.77000000,35.51000000,0,1,See the 1287 Feb 16 event for further details,TODO,AM; GC; SAL; SDM; GII,Historical,1,3
233,1293 Jan 11–Feb 08,1293.00000000,1,High,S,4,Strong,6.6 (MIG: Migowsky et al 2004); Me = 5.8 (GC),6.20000000,NULL,NULL,NULL,NULL,C,Palestine,Palestine (A),35.20000000,32.39000000,0,1,"Was felt in the center-south of Palestine (Ramla, Ludd, Gaza, Qaqun, Tafilah) destroying many houses (AM, GC).",TODO,AM; GC; KA; SAL; KEN; AMM; GII,Historical,6,4
240,1339 Jan,1339.00000000,-,Moderate,S,4,Strong,,NULL,NULL,NULL,NULL,NULL,C-N,Tripoli,Tripoli,35.83000000,34.43000000,0,1,"AM following al-Suyuti: damaging earthquake that ruined Tripoli, killing 60 people",TODO: Secondary: al-Suyuti; al-Umari,AM; GC; SAL; SDM; GII,Historical,1,4
245,1399 Sep 18-19 (night),1399.00000000,-,Moderate,S,1,Light,,4.50000000,NULL,NULL,NULL,NULL,C-N,Damascus,Damascus,36.29000000,33.51000000,0,1,"AM, GC: Slight event according to the contemporary writer Ibn-Hajar (February 18, 1372 – February 2, 1448)",Contemporary: Ibn Hajar,AM; GC; SDM;,Historical,1,1
246,1403 Dec 18,1403.00000000,-,High,F,2,Moderate,,NULL,NULL,NULL,NULL,NULL,N,Aleppo,Aleppo,37.15000000,36.21000000,0,0,MA: might be the foreshock of the 1404 Feb event,Near Contemporary: Ibn Hajar; al suyuti,AM; GC; SAL2; SDM;,Historical,1,2
247,1404 Feb 20,1404.00000000,-,High,FMA,4,Strong,,NULL,NULL,NULL,NULL,NULL,N,Aleppo,Aleppo,37.15000000,36.21000000,0,0,Supported by Contemporary and near contemporary Arab writers (AM; GC),TODO: Near Contemporary: Ibn Hajar; Ibn al- shifna,AM; GC; SAL; SDM;,Historical,3,4
248,1404 Nov 7,1404.20000000,-,High,MA,2,Moderate,,NULL,NULL,NULL,NULL,NULL,N,Aleppo,Aleppo,37.15000000,36.21000000,0,0,AM: ‘A strong earthquake felt in Aleppo and towns in the region’,TODO: Near Contemporary: Ibn Hajar; al-Suyutti,AM; GC; SDM;,Historical,1,1
249,1407 Apr  29,1407.00000000,-,High,C,4,Strong,,NULL,NULL,NULL,NULL,NULL,N,Antioch,Antakya,36.16000000,36.20000000,0,1,"A strong event, probably felt in Cyprus, damaged Antioch and resulted casualties (AM; GC)",TODO: Near Contemporary: Ibn Hajar; al-Suyuti; al umari; Cod.Par.Gr.1588 f.203v,AM; GC; SAL; SDM; GII,Historical,1,3
250,1408 Dec 29,1408.00000000,-,High,C,5,Strong-Major,M > 7.5 (MGS),7.50000000,NULL,NULL,NULL,NULL,N,Shughr-Bekas,Shughr-Bekas,36.28000000,35.85000000,1,1,The evidence of Ibn Hajar implies of ground breakage of nearly 20 km near Shughr (AM; GC). SAL2 also implies of associated tsunami; AAK and AMKA identified rupture in the Missayf segment,NULL,AM; GC; SAL; SAL2; AMJA; SDM; GII; MGS; AAK; AMKA,Historical & Paleoseimic/Archaeoseimic,8,4
253,1458 Nov 16,1458.00000000,-,High,S,4,Strong,6.5 (MIG); Me = 5.6 (GC); Mw = ~7 (KAD),6.50000000,NULL,NULL,NULL,NULL,S,Karak,Arava (A),35.26000000,30.70000000,0,1,Probably occurred in the Dead Sea area. Several contemporary writers (AM; GC and references therein). GC place the epicenter near Al-Karak (Jordan); KLA imply of the ruptures Arava fault,"Contemporary: Ibn Tagribirdi; al-Suyuti; 
Unknown; al-Ulaimi, 599-600; 415-418",AM; GC; KA; SAL; KAD; KLA,Historical,8,5
257,1484 Apr,1484.00000000,-,High,C,2,Moderate,,NULL,NULL,NULL,NULL,NULL,N,Aleppo,Aleppo,37.15000000,36.21000000,0,0,"Following al-Suyuti, six shocks struck aleppo but no report of damage (AM; GC)",Contemporary: al-Suyuti,AM; GC; SDM;,Historical,1,2
276,1546 Jan 14 (Afternoon),1546.00000000,-,Very High,MA,4,Strong,"M ~ 6 (Karcz 2004); 7 (TUAR); 6.1 (MIG); 7 (BM BM5, BM3);",6.50000000,NULL,NULL,NULL,NULL,C,Palestine,Palestine (A),35.20000000,32.39000000,1,1,"Moderate event affected central Palestine at the time. Occurred only 30 years after the ottoman conquest which probably affected the absence of Arabic sources mainly from Egypt and Syria (AM). The primary source is a venetian letter probably copied by the account published in Beinart (1955) resembles the venetian letter and might be merely a copy of it (SHAL; BRA). BM assign magnitude of 7.0 and epicentral intensity of X-XI b   apparently, it seems that the spread of damage and size of the earthquake was similar to that of the Jericho earthquake i.e., magnitude of 6 (AMKA). This is also attested by the silence of traveler’s narratives; had there been a larger event, it was surely recorded. HNA corelate an earthquake based on rupture in Qasr Tilah (but perhaps this is the 1834 earthquake).","Contemporary Sources: Anonymous 1546; mayer (1931)-the chronicle of Muhir al-din; Braslavski (1938) - manuscript of Sussman ben Rabbi Abraham Carit; Anonymous of Douai; Dominik de la Greche - Jerusalem view; Dominik de la Greche - the Church of the Holy Sepulchre; Voldrich 1563; Cohan (1982) - petition of the Franciscans of Mt. Zion; Castellani (1922) and Hussein et al. (1986) - documents of Custodia Terra santa; Heyd (1960) - Order for repair issued in Istanbul
Secondary sources: Beinart (1955); Braslavski (1939) - manuscript of Isaac Levi in 'OtNafshi'; Dositheos (1705); Papadopulos-Kermaus (1898); 
Undetermined: Razabi (1982) - Moshe Meali ode;",AM; KA; AM2; SAL; SAL2; AMKA; BM; SDM; SHAL; HNA,Historical & Paleoseimic/Archaeoseimic,23,4
278,1563 Sep 13 (dawn),1563.00000000,-,High,S,2,Moderate,,NULL,NULL,NULL,NULL,NULL,C-N,Damascus,Damascus,36.29000000,33.51000000,0,0,"The event was reported by Badr al Ghuzzi, probably an eye witness",Contemporary: Badr al Ghuzzi,AM; SAL; SDM;,Historical,1,3
279,1565 Jul 27,1565.00000000,-,High,S,1,Light,,4.50000000,NULL,NULL,NULL,NULL,C-N,Damascus,Damascus,36.29000000,33.51000000,0,0,"The event was reported by Badr al Ghuzzi, probably an eye witness",Contemporary: Badr al Ghuzzi,AM; SDM;,Historical,1,1
281,1588 Jan 04 (13:00),1588.00000000,-,Moderate,S,5,Strong-Major,6.7 (MIG: Migowsky et al 2004),6.70000000,NULL,NULL,NULL,NULL,S,Eilat,Elat,34.95000000,29.55000000,0,1,AM: Destructive earthquake in northern Saudi Arabia and southern Palestine at the time. The event was felt also in Cairo and east of the DST (mostly by pilgrims to Mecca and Medina).,"Secondary: Al-Shadihli, 64; al-Ishaqi, 154; al-Ghuzzi",AM; KA; SAL; GII,Historical,5,3
282,1604 Mar 12,1604.00000000,-,High,S,2,Moderate,,NULL,NULL,NULL,NULL,NULL,C-N,"Beqaa, Damascus",Damascus,36.29000000,33.51000000,0,0,NULL,Contemporary: al Ghuzzi,AM; SDM;,Historical,2,2
284,1606 Oct 20,1606.00000000,-,High,C,2,Moderate,,NULL,NULL,NULL,NULL,NULL,C-N,Baalbeq,Baalbeq,36.20000000,34.00000000,0,1,Lasted for nearly 20 minutes. GII refer to 1608,Contemporary: al Ghuzzi,AM; SDM;,Historical,1,1
285,1610 Mar 7,1610.00000000,-,Moderate,S,2,Moderate,,NULL,NULL,NULL,NULL,NULL,N,Aleppo,Aleppo,37.15000000,36.21000000,0,0,NULL,Contemporary: al Ghuzzi,AM; SDM;,Historical,1,1
287,1618 Jul 8,1618.00000000,-,High,C,2,Moderate,,NULL,NULL,NULL,NULL,NULL,C-N,Damascus,Damascus,36.29000000,33.51000000,0,0,Lasted about 8 minutes,Contemporary: al Ghuzzi,AM; SDM;,Historical,1,1
288,1618 Aug,1618.20000000,-,High,S,1,Light,,4.50000000,NULL,NULL,NULL,NULL,C-N,Damascus,Damascus,36.29000000,33.51000000,0,0,NULL,Contemporary: al Ghuzzi,AM; SDM,Historical,1,0
289,1626 Jan 21,1626.00000000,-,High,S,4,Strong,,NULL,NULL,NULL,NULL,NULL,C-N,Hamma,Hamma,36.75000000,35.13000000,0,0,"According to the sources, damage extended over a large area.",TODO: Contemporary:,AM; SAL; SDM;,Historical,4,3
290,1627 Nov 24,1627.00000000,-,High,C,2,Moderate,,NULL,NULL,NULL,NULL,NULL,C-N,Damascus,Damascus,36.29000000,33.51000000,0,0,Lasted about 20 minutes,Contemporary: al Ghuzzi,AM;,Historical,1,1
292,1643 Mar 23,1643.00000000,-,High,S,2,Moderate,"5.5 (Light damage, personal jujdement)",5.50000000,NULL,NULL,NULL,NULL,C,Jerusalem,Jerusalem,35.23371042,31.77430227,0,0,"Light event felt in Jerusalem, according to the contemporary source of Paisios, future bishop of Jerusalem (AM).","Contemporary: Paisios, 3.55, Letter dated a.M.(Byz.) 7152, 23, March",AM;,Historical,2,2
292,1643 Mar 23,1643.00000000,-,High,S,2,Moderate,"5.5 (Light damage, personal jujdement)",5.50000000,NULL,NULL,NULL,NULL,C,Jerusalem,Tiberias - Southern Gate,29.75160000,33.67970000,0,0,"Light event felt in Jerusalem, according to the contemporary source of Paisios, future bishop of Jerusalem (AM).","Contemporary: Paisios, 3.55, Letter dated a.M.(Byz.) 7152, 23, March",AM;,Historical,2,2
301,1705 Nov 23 (night),1705.00000000,-,High,MA,4,Strong,,NULL,NULL,NULL,NULL,NULL,C-N,Yabrud,Yabrud,36.66000000,33.96000000,0,0,NULL,Contemporary: al-Nablusi,AM; SDM; GMD,Historical,4,3
302,< 1706 Dec,1706.00000000,-,High,S,4,Strong,,NULL,NULL,NULL,NULL,NULL,C-N,Tripoli,Tripoli,35.83000000,34.43000000,0,0,NULL,TODO,AM;,Historical,1,3
303,1712 Dec 28,1712.00000000,-,High,S,1,Light,,4.50000000,NULL,NULL,NULL,NULL,C-N,Damascus,Damascus,36.29000000,33.51000000,0,0,"According to al-Nablusi, contemporary",Contemporary: al-Nablusi,AM; SDM;,Historical,1,3
304,1715,1715.00000000,1,Moderate,S,4,Strong,,NULL,NULL,NULL,NULL,NULL,C-N,Baalbek,Baalbeq,36.20000000,34.00000000,0,0,NULL,TODO,AM;,Historical,1,3
306,1722-1723,1722.00000000,1,Moderate,S,4,Strong,,NULL,NULL,NULL,NULL,NULL,N,Aleppo,Aleppo,37.15000000,36.21000000,0,0,NULL,Near Contemporary: al-Ghazzi,AM; SAL; SDM;,Historical,1,4
316,1753 Dec 16,1753.00000000,-,Moderate,S,1,Light,,4.50000000,NULL,NULL,NULL,NULL,C,Jerusalem,Jerusalem,35.23371042,31.77430227,0,1,"Light event felt in Jerusalem. The source of al-Budayyri AM is based upon needs further verification. However, he also bases on Tobler is known for its reliability and thus the event had attributed with moderate reliability","Secondary sources: al-Budayyri, 180; Tobler 1856, 134",AM; GII,Historical,3,2
316,1753 Dec 16,1753.00000000,-,Moderate,S,1,Light,,4.50000000,NULL,NULL,NULL,NULL,C,Jerusalem,Tiberias - Southern Gate,29.75160000,33.67970000,0,1,"Light event felt in Jerusalem. The source of al-Budayyri AM is based upon needs further verification. However, he also bases on Tobler is known for its reliability and thus the event had attributed with moderate reliability","Secondary sources: al-Budayyri, 180; Tobler 1856, 134",AM; GII,Historical,3,2
317,1759 Jun 10,1759.00000000,-,High,S,1,Light,,4.50000000,NULL,NULL,NULL,NULL,N,Aleppo,Aleppo,37.15000000,36.21000000,0,1,NULL,TODO; Russell 1760,AM; KA; SDM; GII,Historical,1,1
318,1759 Oct 30 ( 03:45),1759.20000000,-,Very High,F/S,4,Strong,"Ms ~ 6.6 (Ambraseys & Barazangi, 1989); 6.5 (BM: Ben-Menahem 1991)",6.50000000,NULL,NULL,NULL,NULL,C-N,Safed,Safed,35.48000000,32.96000000,1,1,Strong shock in northern Israel-South Lebanon in the area confined with Safed-Tiberias-Benot Ya’akov bridge and Quneitra. AM: Probably a foreshock of the Nov 25 event. DAKL2 claim that this is not a foreshock but rather a separate event acting on the Rachaya segment,TODO,AM; KA; SAL; SAL2; AMBR; TMK; MAR2; SDM; EMARB; DAKL; DAKL2,Historical,27,5
319,1759 Nov 25 ( 19:23),1759.30000000,-,Very High,FMA,6,Major,"7.4 (MIG: Migowsky et al 2004); MS ~ 7.4 (Ambraseys & Barazangi, 1989);   Ms = 7.4 (Ambraseys & Jackson, 1998; Wells & Coppersmith, 1994); 7 ? M ? 7.2 (Gomez et al., 2003); 7.4 (BM: Ben-Menahem 1991); M = 7.4 (MGS)",7.30000000,NULL,NULL,NULL,NULL,C-N,Litany,Litani river (A),35.35000000,33.32000000,1,0,"A most destructive earthquake, many reporting sources. Possible epicentral area along the Litany river (AM). Had generated landslides, changes in water course and ground breakage. Many reporting sources",TODO,AM; SAL; SAL2; AMBR; AMJA; TMK; SDM; DAKL; ODON; KA; AMBR; MAR2; EMARB; DAKL; DAKL2; GOM; MGS,Historical,80,5
320,1760 Oct 13,1760.00000000,-,Moderate,MA,2,Moderate,,NULL,NULL,NULL,NULL,NULL,N,Aintab,Gaziantep/Aintab,37.11000000,37.33000000,0,0,NULL,TODO: al-Umari,AM; SDM;,Historical,4,2
325,1778 May 5,1778.00000000,-,High,S,1,Light,,4.50000000,NULL,NULL,NULL,NULL,N,Aleppo,Aleppo,37.15000000,36.21000000,0,0,NULL,"TODO: PGF 1778 8.10, 9, 11",AM; SDM;,Historical,1,1
326,1779 Jun 8,1779.00000000,-,High,FM,2,Moderate,,NULL,NULL,NULL,NULL,NULL,N,Aleppo,Aleppo,37.15000000,36.21000000,0,0,NULL,TODO: BRG MS; Evans 1784,AM; SDM;,Historical,1,2
327,1783 Jul 20,1783.00000000,-,High,C,1,Light,,4.50000000,NULL,NULL,NULL,NULL,C-N,Tripoli,Tripoli,35.83000000,34.43000000,0,0,"AM: felt earthquake in the region of Tripoli, Lebanon and also report of damage from rock fall near Nablus, not necessarily from and due to an earthquake",TODO,AM; SDM;,Historical,2,2
328,1783 Dec 14,1783.20000000,-,High,S,2,Moderate,,NULL,NULL,NULL,NULL,NULL,N,Aleppo,Aleppo,37.15000000,36.21000000,0,0,"A strong shock was felt in Aleppo (AM following Volney 1787, i. 305;Guys 1822, 302; BV MS no. S. 66d. 40).","Volney 1787, i. 305;Guys 1822, 302; BV MS no. S. 66d. 40",AM; SDM;,Historical,1,2
329,1785,1785.00000000,-,Moderate,S,3,Moderate-Strong,NULL,NULL,NULL,NULL,NULL,NULL,N,Latakia,Latakia,35.77000000,35.51000000,0,0,"Browne reports of the earthquake occurred in Latakia in 1796 but adds that: """"but not so violently as that which happened In the year 1785  in which many persons perished and which was succeeded by a plaugue that almost depopulated the place"""". No other earthquake report at that year was reported. SDM, place two events in Dec 4th 1783 in Allepo (based on SI) and Dec 14th in Allepo and Tripoli (based on SI and PLKO). The later is also cited in AM. PCK cite an earthquake in Patara, Greece in 1785. Yet, the distance between Ltakia and Patara imply that these are separate earthquakes.","Browne 1806, pp. 429-430",NULL,Historical,1,4
330,1795 Dec (14:10),1795.00000000,-,Moderate,U,2,Moderate,,NULL,NULL,NULL,NULL,NULL,N,Aleppo,Aleppo,37.15000000,36.21000000,0,0,NULL,"Contemporary/Scientific; Olivier 1801, 3. 471-472",AM; SAL; SDM;,Historical,1,2
331,1796 Apr 26 (09:05),1796.00000000,-,High,MA,4,Strong,,NULL,NULL,NULL,NULL,NULL,N,Latakia,Latakia,35.77000000,35.51000000,0,1,destructive event at the north section of the DST along the coast of Lebanon,TODO,AM; SAL; AMJA; SDM; GII,Historical,8,4
334,1811,1811.00000000,1,High,C,1,Light,,4.50000000,NULL,NULL,NULL,NULL,N,Latakia,Latakia,35.77000000,35.51000000,0,0,NULL,Contemporary/Scientific: Guys 1822,AM;,Historical,1,1
336,1815 Apr 1,1815.00000000,-,High,S,1,Light,,4.50000000,NULL,NULL,NULL,NULL,C-N,Sidon,Sidon,35.37000000,33.56000000,0,0,NULL,TODO,AM;,Historical,1,1
337,1817 Mar,1817.00000000,-,High,S,2,Moderate,"5.5 (Light damage, personal jujdement)",5.50000000,NULL,NULL,NULL,NULL,C,Jerusalem,Jerusalem,35.23371042,31.77430227,0,0,AM: Some damage in Jerusalem (a Greek and an Armenian Church were damaged and part of the St. Sepulchre),TODO,AM;,Historical,2,3
337,1817 Mar,1817.00000000,-,High,S,2,Moderate,"5.5 (Light damage, personal jujdement)",5.50000000,NULL,NULL,NULL,NULL,C,Jerusalem,Tiberias - Southern Gate,29.75160000,33.67970000,0,0,AM: Some damage in Jerusalem (a Greek and an Armenian Church were damaged and part of the St. Sepulchre),TODO,AM;,Historical,2,3
338,1819 Feb,1819.00000000,-,Moderate,S,4,Strong,,NULL,NULL,NULL,NULL,NULL,C-N,Syria,Syria (A),37.03000000,34.93000000,0,0,NULL,TODO: ACP xii. 426,AM; SDM;,Historical,1,0
355,1830 Dec 21,1830.00000000,-,High,C,2,Moderate,,NULL,NULL,NULL,NULL,NULL,N,Aleppo,Aleppo,37.15000000,36.21000000,0,0,NULL,TODO,AM;,Historical,1,2
356,1831 Feb 22,1831.00000000,-,High,S,4,Strong,,NULL,NULL,NULL,NULL,NULL,N,Aleppo,Aleppo,37.15000000,36.21000000,0,0,NULL,TODO,AM;,Historical,6,4
357,1834 May 26 (13:00),1834.00000000,-,Very High,S,4,Strong,6.4 (MIG); 6.3 (BM),6.30000000,NULL,NULL,NULL,NULL,C,Palestine,Palestine (A),35.20000000,32.39000000,0,1,"Occurred during the Fellahin siege of Jerusalem (AM). The main source is Neofitus, a contemporary monk form Marsaba who witnessed the event and described in detail the earthquake and its effects (Spyridon, 1938). HNA corelate an earthquake based on rupture in Qasr Tilah (but perhaps this is the 1546 earthquake)","Neofitus (Spyridon, 1938)",AM; SAL; GII; KEN; AMM; HNA,Historical & Paleoseimic/Archaeoseimic,22,4
359,1837 Jan 01  (16:35),1837.00000000,-,Very High,MA,5,Strong-Major,"7.4 (MIG: Migowsky et al 2004); M > 7 (Ambraseys, 1997); MS = 7.4 (Wells & Coppersmith, 1994); Ms 7.1 (Nemer and Meghraoui 2006, after Ambraseys 1997); 6.7 (BM: Ben-Menahem 1991)",7.10000000,NULL,NULL,NULL,NULL,C-N,"Palestine, Syria",Lebanon (A),35.87000000,33.84000000,0,1,"Damaging event in southern Lebanon and northern Palestine at the time. The earthquake was felt also in central Israel and Nile Delta, Egypt. Contemporary reporting sources of survivors and aid delegations (e.g., Calman, 1837; Thomson, 1837; Ya'ari, 1943)",TODO,AM; SAL; AM3; NEM; AMJA; SDM; ODON; GII,Historical,140,5
360,1837 Jan 16,1837.20000000,-,Moderate,A,2,Moderate,,5.50000000,NULL,NULL,NULL,NULL,C-N,"Rum, Nablus, Jaffa",Roum (A),36.13000000,37.13000000,0,0,AM: probably an aftershock of the 1837 Jan 1st event originated at Rum but caused damage in Nablus and Jaffa,TODO,AM;,Historical,2,4
361,1837 Jan 22,1837.30000000,-,High,A,1,Light,,4.50000000,NULL,NULL,NULL,NULL,C-N,"Rum, south Lebanon",Roum (A),36.13000000,37.13000000,0,0,NULL,TODO,AM;,Historical,1,1
362,1837 May 20,1837.40000000,-,High,A,2,Moderate,,5.50000000,NULL,NULL,NULL,NULL,C-N,"Rum, south Lebanon",Roum (A),36.13000000,37.13000000,0,0,AM: probably an aftershock of the 1837 Jan 1st event,TODO,AM;,Historical,1,3
364,1839,1839.00000000,1,Moderate,S,2,Moderate,"5.5 (Light damage, personal jujdement)",5.50000000,NULL,NULL,NULL,NULL,S,St. Catherine,St. Catherine,33.97000000,28.55000000,0,0,"AM: light event  mentioned by Grigoriadis, near contemporary writer. However, the source of the event is questionable; there are no other supportive reports of damage in the south DST area (Eilat or Aqaba) and the event could have been generated elsewhere.","Near Contemporary: Grigoriadis 1875, 48;
Todo: Rabino 1937, 25",AM;,Historical,1,3
365,1841 May 1,1841.00000000,-,High,C,1,Light,,4.50000000,NULL,NULL,NULL,NULL,N,Aleppo,Aleppo,37.15000000,36.21000000,0,0,NULL,TODO,AM;,Historical,1,0
367,1844 Sep 19,1844.00000000,-,High,MA,1,Light,,NULL,NULL,NULL,NULL,NULL,N,Aleppo,Aleppo,37.15000000,36.21000000,0,0,NULL,TODO,AM; SDM;,Historical,1,2
370,1845 Feb 15,1845.20000000,-,Moderate,C,1,Light,,NULL,NULL,NULL,NULL,NULL,C-N,Bekaa,Bekaa (A),36.14000000,34.00000000,0,0,NULL,TODO,AM; SDM;,Historical,3,0
371,1846 Jan 8,1846.00000000,-,High,C,1,Light,,NULL,NULL,NULL,NULL,NULL,N,Aleppo,Aleppo,37.15000000,36.21000000,0,0,NULL,TODO,AM;,Historical,1,0
373,1846 Dec 3,1846.30000000,-,High,S,1,Light,,4.50000000,NULL,NULL,NULL,NULL,N,Aleppo,Aleppo,37.15000000,36.21000000,0,0,NULL,TODO,AM; SDM;,Historical,1,1
375,1849 Dec 5,1849.00000000,-,High,S,2,Moderate,,NULL,NULL,NULL,NULL,NULL,C-N,Beirut,Beirut,35.48000000,33.89000000,0,0,NULL,TODO,AM;,Historical,1,2
376,1850 Feb 12,1850.00000000,-,Moderate,S,1,Light,,4.50000000,NULL,NULL,NULL,NULL,C-N,Beirut,Beirut,35.48000000,33.89000000,0,0,NULL,TODO,AM; SDM;,Historical,2,1
378,1852 Oct 16,1852.00000000,-,High,C,1,Light,,4.50000000,NULL,NULL,NULL,NULL,N,Sejar,Shaizar,36.56000000,35.25000000,0,0,NULL,TODO,AM;,Historical,1,1
381,1854 Nov 3,1854.00000000,-,Moderate,S,1,Light,,4.50000000,NULL,NULL,NULL,NULL,C,"Dead Sea, Jerusalem",Dead Sea East (A),35.57000000,31.62000000,0,0,AM: Felt only. The only source is PER catalogue,Perrey 1864b,AM; PER,Historical,3,1
390,1855 Jul 10,1855.00000000,-,Moderate,S,1,Light,,4.50000000,NULL,NULL,NULL,NULL,C-N,Beirut,Beirut,35.48000000,33.89000000,0,0,NULL,TODO: Perrey,AM;,Historical,2,1
393,1856 Sep 28,1856.00000000,-,Moderate,S,1,Light,,4.50000000,NULL,NULL,NULL,NULL,C-N,Beirut,Beirut,35.48000000,33.89000000,0,0,NULL,TODO: Perrey,AM;,Historical,1,1
397,1857 Mar 6,1857.00000000,-,Moderate,S,1,Light,,4.50000000,NULL,NULL,NULL,NULL,N,Aleppo,Aleppo,37.15000000,36.21000000,0,0,NULL,TODO: Perrey,AM;,Historical,1,0
403,1859 Jan 28,1859.00000000,-,Moderate,S,2,Moderate,,NULL,NULL,NULL,NULL,NULL,C-N,Beirut,Beirut,35.48000000,33.89000000,0,0,NULL,"TODO:Perrrey 1862b, 40",AM; SDM;,Historical,1,2
406,1859 Oct 24 (05:15),1859.20000000,-,High,S,2,Moderate,"5.5 (Light damage, personal jujdement)",5.50000000,NULL,NULL,NULL,NULL,C,Jerusalem,Jerusalem,35.23371042,31.77430227,0,1,AM: a strong earthquake but without reported damage,"TODO - Neumann 1877, 70",AM; GII,Historical,2,2
406,1859 Oct 24 (05:15),1859.20000000,-,High,S,2,Moderate,"5.5 (Light damage, personal jujdement)",5.50000000,NULL,NULL,NULL,NULL,C,Jerusalem,Tiberias - Southern Gate,29.75160000,33.67970000,0,1,AM: a strong earthquake but without reported damage,"TODO - Neumann 1877, 70",AM; GII,Historical,2,2
413,1863 Sep 24 (20:15),1863.20000000,-,High,S,1,Light,,4.50000000,NULL,NULL,NULL,NULL,C,Jerusalem,Jerusalem,35.23371042,31.77430227,0,0,AM: felt only,TODO - Chaplin 1883,AM;,Historical,2,1
413,1863 Sep 24 (20:15),1863.20000000,-,High,S,1,Light,,4.50000000,NULL,NULL,NULL,NULL,C,Jerusalem,Tiberias - Southern Gate,29.75160000,33.67970000,0,0,AM: felt only,TODO - Chaplin 1883,AM;,Historical,2,1
414,1864 Feb 19 (midnight),1864.00000000,-,High,S,1,Light,,4.50000000,NULL,NULL,NULL,NULL,C,Jerusalem,Jerusalem,35.23371042,31.77430227,0,0,AM: felt only,TODO - Chaplin 1883,AM;,Historical,2,1
414,1864 Feb 19 (midnight),1864.00000000,-,High,S,1,Light,,4.50000000,NULL,NULL,NULL,NULL,C,Jerusalem,Tiberias - Southern Gate,29.75160000,33.67970000,0,0,AM: felt only,TODO - Chaplin 1883,AM;,Historical,2,1
415,1864 Mar 24 (02:30),1864.20000000,-,High,S,1,Light,,4.50000000,NULL,NULL,NULL,NULL,C,Jerusalem,Jerusalem,35.23371042,31.77430227,0,0,AM: felt only,TODO - Chaplin 1883,AM;,Historical,2,1
415,1864 Mar 24 (02:30),1864.20000000,-,High,S,1,Light,,4.50000000,NULL,NULL,NULL,NULL,C,Jerusalem,Tiberias - Southern Gate,29.75160000,33.67970000,0,0,AM: felt only,TODO - Chaplin 1883,AM;,Historical,2,1
416,1864 Aug 15,1864.30000000,-,High,S,2,Moderate,,NULL,NULL,NULL,NULL,NULL,N,Aleppo,Aleppo,37.15000000,36.21000000,0,0,NULL,"TODO -  PCH 1281, no. 1209; Schmidt 1879; Perrey 1866, 72",AM; SDM;,Historical,1,1
419,1867 Apr 14,1867.00000000,-,High,S,2,Moderate,,NULL,NULL,NULL,NULL,NULL,C-N,Damascus,Damascus,36.29000000,33.51000000,0,0,TODO - newspaper,"PAAZ 1867, no. 149.2443; Perrey 1870, 160",AM;,Historical,1,0
420,1868 Jan 24 (15:50),1868.00000000,-,High,S,1,Light,,4.50000000,NULL,NULL,NULL,NULL,C,Jerusalem,Jerusalem,35.23371042,31.77430227,0,0,AM: felt only,TODO - Chaplin 1883,AM;,Historical,2,1
420,1868 Jan 24 (15:50),1868.00000000,-,High,S,1,Light,,4.50000000,NULL,NULL,NULL,NULL,C,Jerusalem,Tiberias - Southern Gate,29.75160000,33.67970000,0,0,AM: felt only,TODO - Chaplin 1883,AM;,Historical,2,1
422,1868 Apr 16,1868.30000000,-,Moderate,MA,2,Moderate,,NULL,NULL,NULL,NULL,NULL,N,Aleppo,Aleppo,37.15000000,36.21000000,0,0,"TODO - At 08:45, main shock lasting about 35 seconds","Anon. 1868; Anon.1869; Perrey 1872, 77;",AM; SDM;,Historical,1,1
423,1868 Oct 7 (19:30),1868.40000000,-,High,S,1,Light,,4.50000000,NULL,NULL,NULL,NULL,C,Jerusalem,Jerusalem,35.23371042,31.77430227,0,0,AM: felt only,TODO - Chaplin 1883,AM;,Historical,2,1
423,1868 Oct 7 (19:30),1868.40000000,-,High,S,1,Light,,4.50000000,NULL,NULL,NULL,NULL,C,Jerusalem,Tiberias - Southern Gate,29.75160000,33.67970000,0,0,AM: felt only,TODO - Chaplin 1883,AM;,Historical,2,1
424,1870 Jan 2,1870.00000000,-,Moderate,S,1,Light,,4.50000000,NULL,NULL,NULL,NULL,N,Aleppo,Aleppo,37.15000000,36.21000000,0,0,TODO - At 02:00,"Perrey 1873, 62",AM; SDM;,Historical,1,0
427,1873 Feb 9,1873.00000000,-,High,S,1,Light,,4.50000000,NULL,NULL,NULL,NULL,N,Antioch,Antakya,36.16000000,36.20000000,0,0,NULL,"PRG 1289 26/12; Schmidt 1879, 315",AM; SDM;,Historical,1,1
428,1873 Feb 14,1873.20000000,-,Moderate,S,1,Light,,4.50000000,NULL,NULL,NULL,NULL,C,"Jerusalem, Akko, Sur",Akko,35.07000000,32.92000000,0,1,AM: Felt only. This earthquake may have amalgamated either with the one reported in 9.2.1873 that affected Antakya region or 29.6.1873 (affected Jerusalem and Jaffa),"PRGV 1873 24.2; PNT 1873 06/03; Schmidt 1879, 315",AM; SDM; GII,Historical,7,1
429,1873 Jun 29 (02:30),1873.30000000,-,High,S,1,Light,,4.50000000,NULL,NULL,NULL,NULL,C,"Jerusalem, Jaffa",Jaffa,34.75000000,32.05000000,0,0,AM: felt only,Chaplin 1883,AM;,Historical,4,1
430,1874 Feb 13,1874.00000000,-,High,S,1,Light,NULL,NULL,NULL,NULL,NULL,NULL,C,Jerusalem,Jerusalem,35.23371042,31.77430227,0,0,"In the report of the Royal Commision on Historical Manuscripts from 1975 on the PEF western survey there is a report of  """"a small earthquake tremor in J. “[Jerusalem, my interpretation] . No other reporting source at the time but the British reports tend to be highy reliable.","Royal Commision on Historical Manuscripts, 1975. Report on the papers of the Palestine Exploration Fund: Western Survey 1871-1902, 10",NULL,Historical,2,1
430,1874 Feb 13,1874.00000000,-,High,S,1,Light,NULL,NULL,NULL,NULL,NULL,NULL,C,Jerusalem,Tiberias - Southern Gate,29.75160000,33.67970000,0,0,"In the report of the Royal Commision on Historical Manuscripts from 1975 on the PEF western survey there is a report of  """"a small earthquake tremor in J. “[Jerusalem, my interpretation] . No other reporting source at the time but the British reports tend to be highy reliable.","Royal Commision on Historical Manuscripts, 1975. Report on the papers of the Palestine Exploration Fund: Western Survey 1871-1902, 10",NULL,Historical,2,1
431,1874 Mar 03 (01:40),1874.20000000,-,High,S,1,Light,,NULL,NULL,NULL,NULL,NULL,C,Jerusalem,Jerusalem,35.23371042,31.77430227,0,1,AM: felt only,Chaplin 1883,AM; GII,Historical,2,1
431,1874 Mar 03 (01:40),1874.20000000,-,High,S,1,Light,,NULL,NULL,NULL,NULL,NULL,C,Jerusalem,Tiberias - Southern Gate,29.75160000,33.67970000,0,1,AM: felt only,Chaplin 1883,AM; GII,Historical,2,1
432,1875 Mar 28 (02:48),1875.00000000,-,High,S,1,Light,,4.50000000,NULL,NULL,NULL,NULL,C,Jerusalem,Jerusalem,35.23371042,31.77430227,0,0,AM: felt only,PBS 1291 24.4,AM;,Historical,2,1
432,1875 Mar 28 (02:48),1875.00000000,-,High,S,1,Light,,4.50000000,NULL,NULL,NULL,NULL,C,Jerusalem,Tiberias - Southern Gate,29.75160000,33.67970000,0,0,AM: felt only,PBS 1291 24.4,AM;,Historical,2,1
433,1875 Aug 21,1875.20000000,-,High,S,2,Moderate,,NULL,NULL,NULL,NULL,NULL,N,Antioch,Antakya,36.16000000,36.20000000,0,0,TODO - newspaper (Neotolis tis Anatolis (constantinopeleus) 1867-1899 (PNA) + Basirat istanbul 1875 no. 1600,"PNA 1875 4.9, 5.9; PBS no. 1600",AM;,Historical,2,2
434,1875 Nov 9,1875.30000000,-,High,C,2,Moderate,,NULL,NULL,NULL,NULL,NULL,N,Antioch,Antakya,36.16000000,36.20000000,0,0,Two strong shocks. Lasted for 2 seconds,Basirat istanbul 1875 no. 1671 - (PBS),AM;,Historical,1,1
436,1877 Feb 15 (07:15),1877.00000000,-,High,S,1,Light,,4.50000000,NULL,NULL,NULL,NULL,C,Jerusalem,Jerusalem,35.23371042,31.77430227,0,0,AM: felt only,Chaplin 1883,AM;,Historical,2,1
436,1877 Feb 15 (07:15),1877.00000000,-,High,S,1,Light,,4.50000000,NULL,NULL,NULL,NULL,C,Jerusalem,Tiberias - Southern Gate,29.75160000,33.67970000,0,0,AM: felt only,Chaplin 1883,AM;,Historical,2,1
437,1877 Mar 14 (06:15),1877.20000000,-,High,S,1,Light,,4.50000000,NULL,NULL,NULL,NULL,C,Jerusalem,Jerusalem,35.23371042,31.77430227,0,0,AM: felt only,Chaplin 1883,AM;,Historical,2,1
437,1877 Mar 14 (06:15),1877.20000000,-,High,S,1,Light,,4.50000000,NULL,NULL,NULL,NULL,C,Jerusalem,Tiberias - Southern Gate,29.75160000,33.67970000,0,0,AM: felt only,Chaplin 1883,AM;,Historical,2,1
438,1877 Nov 15,1877.30000000,-,High,S,1,Light,,4.50000000,NULL,NULL,NULL,NULL,N,Aleppo,Aleppo,37.15000000,36.21000000,0,0,NULL,"Fuchs 1886, 486",AM;,Historical,1,0
439,1879 May 19 (06:00),1879.00000000,-,High,S,1,Light,,4.50000000,NULL,NULL,NULL,NULL,C,Haifa,Haifa,35.00000000,32.82000000,0,0,"AM: strong earthquake at 06:00, lasted for only a few seconds",Carmel 1884,AM;,Historical,1,1
441,1879 Dec 31 (09:00),1879.20000000,-,High,S,1,Light,,4.50000000,NULL,NULL,NULL,NULL,C,Jerusalem,Jerusalem,35.23371042,31.77430227,0,1,AM: felt only,Chaplin 1883,AM; GII,Historical,2,1
441,1879 Dec 31 (09:00),1879.20000000,-,High,S,1,Light,,4.50000000,NULL,NULL,NULL,NULL,C,Jerusalem,Tiberias - Southern Gate,29.75160000,33.67970000,0,1,AM: felt only,Chaplin 1883,AM; GII,Historical,2,1
443,1884 Jun 5,1884.00000000,-,High,S,2,Moderate,,NULL,NULL,NULL,NULL,NULL,N,Aleppo,Aleppo,37.15000000,36.21000000,0,0,TODO - Scientiic article. Ocured at 09:55 and lasted for 6 seconds,"Fuchs 1886, 490",AM; SDM;,Historical,1,1
445,1889 Aug 23 (19:00),1889.00000000,-,Moderate,S,1,Light,,4.50000000,NULL,NULL,NULL,NULL,C,Safed,Safed,35.48000000,32.96000000,0,0,AM: Felt only. according to newspaper report from 13/9/1889,"Havazelet, Jerusalem 1872 - (PHZ) 13/9",AM;,Historical,1,1
446,1889 Dec 11 (00:25),1889.20000000,-,Moderate,S,1,Light,,4.50000000,NULL,NULL,NULL,NULL,C,Jerusalem,Jerusalem,35.23371042,31.77430227,0,0,AM after AAT: Felt only,Amiran 1994 – according to notebook of the Meteorological service of Israel,AM; AAT,Historical,2,1
446,1889 Dec 11 (00:25),1889.20000000,-,Moderate,S,1,Light,,4.50000000,NULL,NULL,NULL,NULL,C,Jerusalem,Tiberias - Southern Gate,29.75160000,33.67970000,0,0,AM after AAT: Felt only,Amiran 1994 – according to notebook of the Meteorological service of Israel,AM; AAT,Historical,2,1
447,1893 Jan 12 (04:00),1893.00000000,-,Moderate,S,1,Light,,4.50000000,NULL,NULL,NULL,NULL,C,Jerusalem,Jerusalem,35.23371042,31.77430227,0,0,AM after AAT: Felt only,Amiran 1994 – according to notebook of the Meteorological service of Israel,AM; AAT,Historical,2,1
447,1893 Jan 12 (04:00),1893.00000000,-,Moderate,S,1,Light,,4.50000000,NULL,NULL,NULL,NULL,C,Jerusalem,Tiberias - Southern Gate,29.75160000,33.67970000,0,0,AM after AAT: Felt only,Amiran 1994 – according to notebook of the Meteorological service of Israel,AM; AAT,Historical,2,1
448,1893 Feb,1893.20000000,-,High,S,1,Light,,4.50000000,NULL,NULL,NULL,NULL,N,Antioch,Antakya,36.16000000,36.20000000,0,0,"AM:  according to report the newspaper Basirat Istanbul 1893, 19/2",Basirat Istanbul 1893 19/2,AM;,Historical,1,1
449,1893 Mar 4,1893.30000000,-,High,S,1,Light,,4.50000000,NULL,NULL,NULL,NULL,N,Aleppo,Aleppo,37.15000000,36.21000000,0,0,AM: occurred at 01: 25,Rebeur-Paschwitz (1895),AM;,Historical,2,1
450,1893 Mar,1893.40000000,-,High,S,2,Moderate,,NULL,NULL,NULL,NULL,NULL,C-N,"Latakia, Cible",Latakia,35.77000000,35.51000000,0,0,"AM: according to report in the newspaper Sabah Istanbul 1894, 20/3",Sabah Istanbul 1894 20/3,AM;,Historical,1,0
452,1894 Feb 13,1894.00000000,-,High,S,1,Light,,4.50000000,NULL,NULL,NULL,NULL,N,Aleppo,Aleppo,37.15000000,36.21000000,0,0,NULL,Agamemnon G. 1894-6 (PBM),AM;,Historical,1,1
457,1898 Mar 19,1898.00000000,-,Moderate,S,1,Light,,4.50000000,NULL,NULL,NULL,NULL,C,"Carmel, Haifa",Haifa,35.00000000,32.82000000,0,0,"Felt only. Occurred at 11:20, lasted about 3 seconds of duration (AAT)",Amiran 1994 – according to notebook of the Meteorological service of Israel,AM; AAT,Historical,2,1
460,1899 Jan 25,1899.00000000,-,High,C,1,Light,,NULL,NULL,NULL,NULL,NULL,C-N,"Sidon, Beirut",Sidon,35.37000000,33.56000000,0,0,According to the newspaper ‘Levant Herald’ published in Constantinople between 1874-1914. The shocks lasted until early February (AM),"Levant Herald, Constantinopole 1874-1914,  27.01, 30.01, 10.02",AM,Historical,2,1
461,1899 Feb 10,1899.20000000,-,High,S,1,Light,NULL,NULL,NULL,NULL,NULL,NULL,C-N,Damascus,Rashaya,35.85000000,33.43000000,0,0,Felt in Rashayya and Damascus without reports of damage (AM),"Levant Herald, Constantinopole, 1874-1914, 10.02.",AM,Historical,2,1
468,1900 Jan 5,1900.00000000,1,Moderate,S,1,Light,,NULL,NULL,NULL,NULL,NULL,C,Palestine,Palestine (A),35.20000000,32.39000000,0,0,"Slight shock felt in Galilee, Jerusalem and Hebron. The event is listed in AAT that use SI, WI, BL, AB and  some extracts from the meteorological stations notebooks of the meteorological Service of Israel",NULL,AAT; SI; WI; BL; AB;,Historical,8,1
469,1903 Mar 29 (22:30),1903.00000000,-,Very High,S,2,Moderate,"ML = 5.5, Mb = 5.6 (SAL2; GII)",5.60000000,NULL,10.00,35.49,32.09,C,"Palestine, E. Shomron",Nablus,35.25000000,32.21000000,0,1,"The event is listed in AAT that use SI, WI, BL, AB and  some extracts from the meteorological stations notebooks of the meteorological Service of Israel. See also SAL2 following IPRG catalogs (which are based on ISN recordings and international sources)",NULL,AAT; SI; WI; BL; AB; SAL2; GII,Historical,21,2
470,1903 Dec 19 (00:20-00:44?),1903.20000000,-,Moderate,C,1,Light,,NULL,NULL,NULL,NULL,NULL,C,"Jerusalem, Jaffa, Hebron",Jaffa,34.75000000,32.05000000,0,0,Felt only. AAT use some extracts from the meteorological stations notebooks of the meteorological Service of Israel,NULL,AAT,Historical,4,1
471,1907 Feb 1 (01:00),1907.00000000,-,Moderate,S,1,Light,,NULL,NULL,NULL,NULL,NULL,C,Hebron,Hebron,35.09000000,31.51000000,0,0,Felt only. AAT use some extracts from the meteorological stations notebooks of the meteorological Service of Israel,NULL,AAT,Historical,1,1
476,1910 Jul 10 (19:54),1910.00000000,-,Very High,S,1,Light,"Mb = 4.9 (SAL2, GII)",4.90000000,NULL,10.00,35.90,33.80,C-N,Yammuneh,Yammuneh (A),36.01000000,34.13000000,0,1,Felt only. According to SAL2 based on SHA2,NULL,SAL2; GII,Historical,1,1
477,1914 Jun 24 (16:40),1914.00000000,-,Moderate,S,1,Light,,NULL,NULL,NULL,NULL,NULL,C,Tabgha,Tabgha,35.53000000,32.87000000,0,0,AAT: Felt only,NULL,AAT,Historical,1,1
478,1918 Sep 29 (12:07),1918.00000000,-,Very High,S,4,Strong,"Mb = 6.4 (GII), ML = 6.2 (SAL2), Mw=6.6 (USGS)",6.40000000,NULL,15.00,36.07,35.23,C-N,Syria; Haifa; Kalkilia,Syria (A),37.03000000,34.93000000,0,1,"Damaging event in northern Syria (SAL2 and references therein). AM5 places the source origin near Cyprus. The event was probably slightly felt in Haifa and maybe at Kalkilia (AAT). 
USGS: Epi near the coast of Syria
AMAD: The shock was strong in the districts of Larnaka and Ammochostos and it was widely felt in Nicosia, Limassol, Paphos and their respective districts. It was stronger in the Batrun area in the Lebanon; at Ghazir the shock caused the collapse of a bell tower and some minor damage to villages around Beirut. The shock was felt in Haifa and it was perceptible as far south as Qalqilyah.",NULL,AAT; SAL2; AM5; USGS (iscgem); GII; AMAD,Historical,9,2
480,1921 Apr-Jun,1921.20000000,-,Moderate,C,1,Light,,4.50000000,V-VI (MMS),NULL,NULL,NULL,C,Galilee,Galilee (A),35.45000000,32.91000000,0,0,"Felt only. According to AAT, 15 slight events during April-June felt in the Galilee",NULL,AAT,Historical,2,1
482,"1922 May 5,8 and 9",1922.20000000,-,Moderate,C,1,Light,,NULL,NULL,NULL,NULL,NULL,C,Galilee,Galilee (A),35.45000000,32.91000000,0,0,Felt in northern Mandatory Palestine (AAT),NULL,AAT,Historical,2,1
483,"1922 May 21, 22 and 23",1922.30000000,-,Moderate,C,1,Light,,NULL,V-VI (MMS),NULL,NULL,NULL,C,Galilee,Galilee (A),35.45000000,32.91000000,0,0,Felt in northern Mandatory Palestine (AAT),NULL,AAT,Historical,4,1
484,1923 Feb 27 (18:15),1923.00000000,-,High,S,2,Moderate,"ML = 5.3, Mb = 5.0 (SAL2)",5.00000000,IV (MMS),NULL,35.30,32.60,C,Aloney Abba (Waldheim),Alonei Abba,35.16000000,32.71000000,0,0,Felt only. See also SAL2 following IPRG catalogs (which are based on ISN recordings and international sources),NULL,AAT; SAL2;,Historical,1,1
485,1923 Dec 21 (14:11),1923.20000000,-,High,S,2,Moderate,"ML = 5.1, Mb = 4.9 (SAL2)",5.00000000,NULL,NULL,36.00,36.20,N,Antioch,Antakya,36.16000000,36.20000000,0,0,Felt only. SAL2 based upon RIME,NULL,SAL2;,Historical,1,1
487,1924 Feb 27 (20:04),1924.20000000,-,Very High,S,2,Moderate,"Md = 5.7 (GII), Mb = 5.0 (SAL2)",5.30000000,VI (MMS),10.00,36.20,32.70,C,W.Sirhan,Irbid,35.84000000,32.56000000,0,1,"Felt only. AAT base upon BM and SI. However, BM draws from SI whereas the later do not mention his sources. Yet, in light of SI contemporaneous, the event is attributed with moderate reliability. See also SAL2",NULL,AAT; SAL2; BM; SI; GII,Historical,5,1
489,1926 Jun 26 (19:46),1926.00000000,-,Moderate,S,1,Light,,NULL,V (MMS),NULL,NULL,NULL,C,Jerusalem,Jerusalem,35.23371042,31.77430227,0,0,"Felt only. AAT base upon BM and SI. However, BM draws from SI whereas the later do not mention his sources. Yet, in light of SI contemporaneous, the event is attributed with moderate reliability.",NULL,AAT; BM; SI,Historical,2,1
489,1926 Jun 26 (19:46),1926.00000000,-,Moderate,S,1,Light,,NULL,V (MMS),NULL,NULL,NULL,C,Jerusalem,Tiberias - Southern Gate,29.75160000,33.67970000,0,0,"Felt only. AAT base upon BM and SI. However, BM draws from SI whereas the later do not mention his sources. Yet, in light of SI contemporaneous, the event is attributed with moderate reliability.",NULL,AAT; BM; SI,Historical,2,1
490,1927 Jul 11 (15:04),1927.00000000,-,Very High,S,4,Strong,"6.25 (AVN; AVN2); 6.2 (BM2); 6.3 (MIG), Mw=6.3 (USGS)",6.25000000,NULL,15.00,35.50,31.80,C,"Nablus, Ramla",Nablus,35.25000000,32.21000000,0,1,Moderate event with series of aftershocks (SAL). About 300 hundred casualties.  Magnitude estimated  as ML = 6.2 with epicenter at the north of the Dead Sea (AVN; AVN2; ZOMA). USGS: Epi at the Dead Sea region,List of references appear in AVN,AVN; AVN2; SAL; SAL2; ZOMA; AAT; BM2; VEST; SHA; KEN; AMM; USGS (iscgem); GII,Historical,142,4
