Order_Date,Full_Date,Numeric_Date,Date_Uncertainty,Rel,Type,Size,Size_Val,Magnitude,Magnitude_Avg,Max_Intensity,Depth,Epi_X,Epi_Y,Region,Most_Damaged_Sites,Most_Damaged,MSRD_X,MSRD_Y,Tsunami,GII,Description,Historical_Reports,Ref,Evidence_Type
-1,Unknown,-10000.00000000,NULL,Moderate,U,-1,Unknown,NULL,NULL,NULL,NULL,NULL,NULL,U,NULL,Unknown,33.65082151,33.05128774,NULL,NULL,NULL,NULL,NULL,U
-1,Unknown,-10000.00000000,NULL,Moderate,U,-1,Unknown,NULL,NULL,NULL,NULL,NULL,NULL,U,NULL,Test,NULL,NULL,NULL,NULL,NULL,NULL,NULL,U
35,c.20 BCE,-20.00000000,5,Moderate,S,4,Strong,NULL,NULL,NULL,NULL,NULL,NULL,CA,Pelusium,Pelusium,32.54000000,31.04000000,1,1,"This event is based upon the evidence of the contemporary Strabo and the 3rd – 4th century Eusebius, both referring to phenomena that was not necessarily resulted from an earthquake in Egypt. The event could have been duplicated from the 15-17 BCE event allegedly occurred in Cyprus (AM). For further details see SAL; SAL2; KA. GII refer to 26 BCE","Contemporary: Str. I. iii. 17/LCL. i. 216; Str. XVI. Ii. 26/LCL. Vii. 272-274;
Secondary: Eus. Arm. 140;",AM; KA; SAL; SAL2; GII,Historical
36,17-15 BCE,-17.00000000,2,Moderate,S,4,Strong,NULL,NULL,NULL,NULL,NULL,NULL,CA,Cyprus,Cyprus (A),33.10000000,34.98000000,0,1,"Dio Cassius, though 3rd century writer is considered as reliable (Ambraseys, 2009) and this is also supported by Eusebius. The event happened in Cyprus and there is no evidence of damage in Israel, Lebanon or Syria.",Secondary: Dio. Cass. 54.23.7; Eus. Hieron. Chron. 166c; Georg. Sync. 593,AM; GCT; KA; GII,Historical
41,76,76.00000000,1,Moderate,S,4,Strong,NULL,NULL,NULL,NULL,NULL,NULL,CA,Cyprus,Cyprus (A),33.10000000,34.98000000,1,1,AM: This earthquake is recorded by secondary but reliable sources of Eusebius and Orosius. The question whether there was tsunami remains unsolved,Secondary: Eus. Hieron. Chron. 188; Oros. Hist. 7.9.11; Orac. Sibyll. 4.128; Georg. Sync. 647 Philostr. VA. VI.38/LCL ii. 130,AM; GII,Historical
48,127-130,127.00000000,3,High,S,4,Strong,NULL,NULL,NULL,NULL,NULL,NULL,EAS,"Nicopols, Neocaesarea (Asia Minor)",Nicopolis [GR],20.73000000,39.00000000,0,1,This event is likely to occur in Asia Minor and not in the DST area. The confusion is the interpretation of Eusebius’s report replacing NeoCaesarea and Nicopolis in Asia Minor with Caesarea and Nicopils (Emmaus) in Palestine (AM; KA),"Secondary Sources: Eus. Hieron. Chron. 200a; Eus. Hist. 166, Greek; Elias Nisib. Syr. Versio 85; Chron. Pasch. 255/617; Georg. Sync. 349/660.3; Ps.Dion. 124/i. 93; Chron. 724, 122/95; Anast. 502; Mar. Scot. Iii. 136/664",AM; GCT; KA; SAL; GII;,Historical
54,341,341.00000000,1,High,MA,4,Strong,NULL,NULL,NULL,NULL,NULL,NULL,CA,Salamis (Cyprus),Cyprus (A),33.10000000,34.98000000,0,1,"AM, GCT: Occurred in Cyprus","Near Contemporary: Socr. Sch. 2.10; Sozomen 3.6; Hieron. Hist.235; Oros.VII.xxxx.5; Chron. Jac. Edess. 292/218
Secondary: Chron. 724, 130/102; Theoph. i. 36-37; Cedr.522/i.568; Ps.Dion. 169/i. 126; Mal. 313/469-471; Orc. Sibyll. Iv.125, 140-141; Mich. Syr. Vii. 4/i.270ff",AM; GCT; SAL; SAL2; SDM; GII;,Historical
58,365 Jul 21,365.00000000,-,Very High,S,6,Major,NULL,NULL,NULL,NULL,NULL,NULL,HA,Crete-Peloponnese,Crete (A),24.94000000,35.22000000,1,0,Was probably generated in the Hellenic Arc (AM; GCT; SAL2) and was mistakenly adopted by early catalogues as occurred in Palestine,TODO,AM; GCT; SAL2;,Historical
60,395,395.00000000,1,High,MA,4,Strong,NULL,NULL,NULL,NULL,NULL,NULL,EAS,Constantinople,Istanbul,28.96000000,41.02000000,0,0,See previous entry.,"Contemporary: Ioann. Chrys. Terr. mot. i/1027; Ioann. Chrys. In Ep.Colors I.ii.4/315; Secondary: Marc. Com. A. 396/64, PL 920",AM; GCT; KA; SDM;,Historical
92,601 Apr 2,601.00000000,-,Moderate,S,4,Strong,NULL,NULL,NULL,NULL,NULL,NULL,EAS,Surb Karapet,Antakya,36.16000000,36.20000000,0,0,AM: might have occurred somewhere in northern Syria or Iraq. Most of the reported damage is in Turkey,TODO,AM; GCT; SAL; SDM;,Historical
114,796 Apr,796.00000000,-,Moderate,S,4,Strong,NULL,NULL,NULL,NULL,NULL,NULL,HA,NULL,Hellenic arc (A),27.35000000,35.36000000,0,1,AM: probably the Hellenic Arc,"Secondary: al-Tab. III. Ii. 645; al-Suyuti 20/10; Husn, ii. 275; al-Um. F. 26r; Theoph. 470",AM; GCT; GII,Historical
124,860 Jan 29,860.00000000,1,Moderate,MA,5,Strong-Major,7 < M < 7.5 (MGS),7.20000000,NULL,NULL,NULL,NULL,HA,Gulf of Antioch,Antakya,36.16000000,36.20000000,0,1,"AM: The event could have related to the Hellenic Arc or, by less probability, to the north of DST. GII refer to 859. AAK refer to an event near Antakya but the association to the 859 event is not decisive.",NULL,AM; GCT; KA; SAL; SAL2; SDM; GII; MGS; AAK,Historical & Paleoseimic/Archaeoseimic
128,952,952.00000000,1,Moderate,MA,4,Strong,,NULL,NULL,NULL,NULL,NULL,EAS,Maras,Turkey (A),35.40000000,39.20000000,0,0,Occurred in southern Anatolia (AM; GCT)," Secondary: Al-Dhahabi 164v; Abu fir, 7580, 106.29r, 31r, 38v/125, 164",AM; GCT; SAL; SDM;,Historical
135,1002 Nov 10-1003 Oct 29 or 2003 Mar 21-2004 Mar 19,1003.00000000,1-2,High,S,4,Strong,,NULL,,NULL,NULL,NULL,EAS,"al-Wasim, al-Thughur (regions along the frontier Byzantine-Muslims)",Al-Wasim (A),36.51000000,36.98000000,0,0,"AM refers to an event in northern Syria affecting the regions of al-Wasim, al-Thughur and also A-Aham (Syria). He is basing on Matthew, Tagribirdi, al-Istakhri (just lists Syrian fortresses but not earthquake damage) and al-Suyuti. The shock was felt across a large area and caused great destruction and casualties. It is not for sure that the fortresses mentioned by al-Istakhri were indeed damaged. However, note that al-Suyuti reports that many fortifications were damaged. Eddesa of Matthew was not damaged and so do other sites. Thus, in the absence of other reports of damage caused by an alleged large earthquake (casualties) and since the fortresses are located along the East Anatolian Fault (EAF), this might imply of the source. GC use the report of Matthew of Edessa to imply of additional event in Edessa region.","Near Conemporary: Matthew of Edessa (Matth. Ed. 35/40) (born in the second half of the 11th century – 1144); 
Secondary: Ibn Taghribirdi , Nojum 4/307(1410-1470 AD);al-Istakhri;  al-Suyuti Kashf 51/17",AM; GC; SAL; SDM;,Historical
163,1114 Aug 10,1114.20000000,-,High,F,1,Light,,4.50000000,NULL,NULL,NULL,NULL,EAS,Alexandretta,Alexandreta,36.17000000,36.58000000,0,1,Probably a foreshock of the 1114 Nov29 earthquake (AM),TODO,AM; GII,Historical
164,1114 Nov 13,1114.30000000,-,High,F,1,Light,,4.50000000,NULL,NULL,NULL,NULL,EAS,Misis,Misis,35.62000000,36.96000000,0,0,AM: Probably a foreshock of the 1114 Nov29 earthquake,TODO,AM; GC;,Historical
165,1114 Nov 29,1114.40000000,-,Very High,FM,4,Strong,,NULL,NULL,NULL,NULL,NULL,EAS,"Antioch, Maras",Antakya,36.16000000,36.20000000,0,0,Large event close to the East Anatolian Fault,TODO,AM;,Historical
169,1120 Jan 1,1120.00000000,-,Moderate,S,4,Strong,,NULL,NULL,NULL,NULL,NULL,EAS,Probably Edessa,Edessa,38.80000000,37.15000000,0,0,AM: based upon the testimony of Michael the Syrian,Contemporary: Mich. Syr. Xv. 12/iii. 207,AM;,Historical
170,1127 Feb,1127.00000000,-,Moderate,S,1,Light,,4.50000000,NULL,NULL,NULL,NULL,EAS,Probably Edessa,Edessa,38.80000000,37.15000000,0,0,AM: based upon the testimony of Michael the Syrian,Contemporary: Mich. Syr. Xv. 2/iii. 225,AM;,Historical
171,1127 Nov,1127.20000000,-,Moderate,C,1,Light,,4.50000000,NULL,NULL,NULL,NULL,EAS,Probably Edessa,Edessa,38.80000000,37.15000000,0,0,AM: based upon the testimony of Michael the Syrian,Contemporary: Mich. Syr. Xv. 2/iii. 225,AM;,Historical
224,1222 May 11 (~ past noon),1222.00000000,-,High,MA,4,Strong,,NULL,NULL,NULL,NULL,NULL,CA,Cyprus,Cyprus (A),33.10000000,34.98000000,1,1,A destructive earthquake in Cyprus is mentioned by many contemporary and near-contemporary chroniclers (AM),"Contemporary: March. Scrib. 151; Aubr. Troisfont. 912; Het’um Het. Pat. In Hakobyan 1956 i. 64; Het’um Het. Gor. RHC 485; (Gest. Chipr. 671; Mart. 22/24/28; Lud. Such. xx/38
Secondary: Fabri, Excerpta 45; Cogg. 194; Caes. Heist. x. 48; Cod. Par. Gr. 1588. f. 217; Darrouz`es 1951, 44 ; Lampros 1921, 344; Schreiner 1975, vol. 1, 199",Am; GII,Historical
234,1303 Aug 8 (03:30),1303.00000000,-,Very High,S,6,Major,,NULL,NULL,NULL,NULL,NULL,HA,NULL,Hellenic arc (A),27.35000000,35.36000000,1,1,NULL,TODO,AM; GC; KA; SAL2; GII,Historical
241,1344 Jan 3,1344.00000000,-,High,S,4,Strong,,NULL,NULL,NULL,NULL,NULL,EAS,Gaziantep/Aintab,Gaziantep/Aintab,37.11000000,37.33000000,0,0,Occurred in southern Turkey (AM; GCT),TODO,AM; GC; SAL; SDM,Historical
251,1425 Jun 23,1425.00000000,-,Moderate,S,4,Strong,,NULL,NULL,NULL,NULL,NULL,SG,Gulf of Suez,Suez,32.54000000,29.97000000,0,0,Affected Gulf of Suez (AM),NULL,AM; GC;,Historical
252,1457 Apr 23,1457.00000000,-,High,U,6,Major,,NULL,NULL,NULL,NULL,NULL,EAS,Eastern Anatolia,Southern Anatolia (A),29.84000000,36.79000000,0,1,AM: Occurred in Eastern Anatolia,NULL,AM; GII,Historical
256,1481 Mar 18,1481.00000000,-,High,C,4,Strong,,NULL,NULL,NULL,NULL,NULL,HA,NULL,Hellenic arc (A),27.35000000,35.36000000,0,1,Series of earthquakes originated in eastern Mediterranean  (AM; GC),NULL,AM; GC; GII,Historical
280,1568 Oct 10,1568.00000000,-,High,FM,4,Strong,,NULL,NULL,NULL,NULL,NULL,HA,Cyprus,Cyprus (A),33.10000000,34.98000000,0,0,Affected Cyprus and the Syrian coast (AM),NULL,AM; SDM;,Historical
335,1814 Jun 27,1814.00000000,-,High,FM,4,Strong,,NULL,NULL,NULL,NULL,NULL,SG,Suez,Suez,32.54000000,29.97000000,0,1,AM: this is probably an event that affected Cairo and implies that the source was not one of the DST southern segments,"Contemporary/Scientific: Turner 1820, ii. 439; 
Contemporary: al-Jabarti (vii. 283/trans. Ix.96)",AM; KA; GII,Historical
339,1822 Aug 13 (20:40),1822.00000000,-,Very High,FMA,6,Major,,NULL,NULL,NULL,NULL,NULL,EAS,Southeastern Anatolia,Southern Anatolia (A),29.84000000,36.79000000,0,1,"Destructive event that seems to occur at the junction between the northern section of the DST and the East Anatolian fault (EAF). The event was felt from Gaza to the Black Sea and was accompanied by ground fissures, landslides and liquefaction. Aftershocks continued probably until March 1824 (AM)",TODO,AM; SAL; SAL2; SDM; GII,Historical
340,1822 Aug 15 (night),1822.20000000,-,High,A,4,Strong,,NULL,NULL,NULL,NULL,NULL,EAS,"Killis, Aleppo",Kilis,37.11000000,36.71000000,0,0,Aftershock of the 1822 13 Aug event,TODO,AM; SDM;,Historical
341,1822 Sep 5,1822.30000000,-,High,A,4,Strong,,NULL,NULL,NULL,NULL,NULL,EAS,Aleppo,Aleppo,37.15000000,36.21000000,0,0,Aftershock of the 1822 13 Aug event,TODO,AM;,Historical
342,1822 Sep 29,1822.40000000,-,High,A,2,Moderate,,NULL,NULL,NULL,NULL,NULL,EAS,Aleppo,Aleppo,37.15000000,36.21000000,0,0,Aftershock of the 1822 13 Aug event,TODO,AM;,Historical
343,1822 Sep 30,1822.50000000,-,High,A,2,Moderate,,NULL,NULL,NULL,NULL,NULL,EAS,Aleppo,Aleppo,37.15000000,36.21000000,0,0,Aftershock of the 1822 13 Aug event,TODO,AM;,Historical
344,1822 Oct 12,1822.60000000,-,High,A,1,Light,,4.50000000,NULL,NULL,NULL,NULL,EAS,Aleppo,Aleppo,37.15000000,36.21000000,0,0,Aftershock of the 1822 13 Aug event,TODO,AM;,Historical
345,1822 Nov 12,1822.70000000,-,High,A,2,Moderate,,NULL,NULL,NULL,NULL,NULL,EAS,Aleppo,Aleppo,37.15000000,36.21000000,0,0,Aftershock of the 1822 13 Aug event,TODO,AM;,Historical
346,1823 Jan 7,1823.00000000,-,Moderate,A,2,Moderate,,NULL,NULL,NULL,NULL,NULL,EAS,Aleppo,Aleppo,37.15000000,36.21000000,0,0,Aftershock of the 1822 13 Aug event,TODO,AM;,Historical
347,1823 Feb 11,1823.20000000,-,Moderate,A,2,Moderate,,NULL,NULL,NULL,NULL,NULL,EAS,Suweidia,Turkey (A),35.40000000,39.20000000,0,0,Aftershock of the 1822 13 Aug event,NULL,AM;,Historical
348,1823 May 18,1823.30000000,-,High,A,4,Strong,,NULL,NULL,NULL,NULL,NULL,EAS,Aleppo,Aleppo,37.15000000,36.21000000,0,0,Aftershock of the 1822 13 Aug event,TODO,AM;,Historical
349,1823 Jun 4,1823.40000000,-,High,A,1,Light,,4.50000000,NULL,NULL,NULL,NULL,EAS,Antioch,Antakya,36.16000000,36.20000000,0,0,Aftershock of the 1822 13 Aug event,TODO,AM;,Historical
350,1823 Jun 30,1823.50000000,-,High,A,2,Moderate,,NULL,NULL,NULL,NULL,NULL,EAS,Idlib,Idlib,36.63000000,35.93000000,0,0,Aftershock of the 1822 13 Aug event,TODO,AM;,Historical
351,1823 Sep 4,1823.60000000,NULL,High,A,1,Light,,4.50000000,NULL,NULL,NULL,NULL,EAS,Armanez-Antakya,Antakya,36.16000000,36.20000000,0,0,Aftershock of the 1822 13 Aug event,NULL,AM;,Historical
352,1823 Oct 16,1823.70000000,-,High,A,1,Light,,4.50000000,NULL,NULL,NULL,NULL,EAS,Antioch,Antakya,36.16000000,36.20000000,0,0,Aftershock of the 1822 13 Aug event,TODO,AM;,Historical
353,1824 Jan 12,1824.00000000,-,High,A,1,Light,,4.50000000,NULL,NULL,NULL,NULL,EAS,Antioch,Antakya,36.16000000,36.20000000,0,0,Aftershock of the 1822 13 Aug event,TODO,AM;,Historical
354,1824 Mar 14,1824.20000000,-,High,A,1,Light,,4.50000000,NULL,NULL,NULL,NULL,EAS,Aleppo,Aleppo,37.15000000,36.21000000,0,0,Aftershock of the 1822 13 Aug event,TODO,AM;,Historical
372,1846 Mar 28,1846.20000000,-,Very High,S,4,Strong,,NULL,NULL,NULL,NULL,NULL,HA,NULL,Hellenic arc (A),27.35000000,35.36000000,0,1,"AM: offshore epicenter, probably in the Hellenic Arc",NULL,AM; GII,Historical
395,1856 Oct 12,1856.20000000,NULL,Very High,S,6,Major,,NULL,NULL,NULL,NULL,NULL,HA,Crete,Crete (A),24.94000000,35.22000000,1,0,AM: Large event with an epicentral region offshore from Crete,NULL,AM; SAL2;,Historical
412,1863 Apr 22,1863.00000000,NULL,Very High,S,4,Strong,,NULL,NULL,NULL,NULL,NULL,HA,NULL,Hellenic arc (A),27.35000000,35.36000000,0,1,AM: occurred in the eastern part of the Hellenic Arc near Rhodes,NULL,AM; GII,Historical
421,1868 Feb 20 (03:15),1868.20000000,-,High,C,1,Light,,4.50000000,NULL,NULL,NULL,NULL,SG,Alexandria,Alexandria,29.89000000,31.20000000,0,0,Probably originated in the Gulf of Suez,"PTM 1868 10.3; Perrey 872b, 66; Chaplin 1883; Lyons 1907, 186",AM;,Historical
425,1870 Jun 24 (17:00),1870.20000000,-,Very High,S,4,Strong,,NULL,NULL,NULL,NULL,NULL,HA,Eastern Mediterranean,East Mediterranean (A),34.12000000,34.07000000,1,1,Affected Eastern Mediterranean (AM),"Burton and Drake 1872, i.37, ii.96-97;Guiter 1870, 146; BBA ID 44934; PSVG 1287 no. 128; Perrey 1873 110-113; Schmidt 1879, 110-112, 274-275; Stamatiadis 1887, 619; Deville 1870, 201; Barrata 1901, 450",AM; SAL2; GII,Historical
454,1896 Jun 29,1896.20000000,-,Very High,FMA,4,Strong,,NULL,NULL,NULL,NULL,NULL,CA,Cyprus,Cyprus (A),33.10000000,34.98000000,0,1,"AM: Damaging event in Cyprus. The main shock was at 20:48, was accompanied by aftershocks and  preceded by many foreshocks",NULL,AM; GII,Historical
455,1896 Aug 27,1896.30000000,-,High,S,2,Moderate,NULL,NULL,NULL,NULL,NULL,NULL,CA,Cyprus,Cyprus (A),33.10000000,34.98000000,0,0,Minor damage in the area of Limassol (AM),NULL,AM,Historical
456,1897 Jul 26,1897.20000000,-,High,S,2,Moderate,NULL,NULL,NULL,NULL,NULL,NULL,CA,Northeastern Cyprus,Cyprus (A),33.10000000,34.98000000,0,0,A violent shock in northeastern Cyprus,NULL,AM,Historical
459,1898 Sep 21,1898.30000000,-,High,C,1,Light,NULL,NULL,NULL,NULL,NULL,NULL,CA,Limassol,Mamshit,35.06000000,31.02000000,0,0,Prolonged shock (AM),Christophides 1969,AM,Historical
472,1907 Jun 10 (12:20),1907.20000000,-,Very High,S,2,Moderate,Mb=5.6 (GII),5.60000000,NULL,10.00,35.39,33.71,MD,E.Mediter.Sea,East Mediterranean (A),34.12000000,34.07000000,0,1,NULL,NULL,GII,Historical
473,1907 Jun 22 (15:32),1907.30000000,-,Very High,S,2,Moderate,"ML = 5 (SAL2, GII)",5.00000000,NULL,10.00,35.39,33.71,MD,E.Mediter.Sea,East Mediterranean (A),34.12000000,34.07000000,0,1,Felt only. According to SAL2 based upon BM3.,NULL,SAL2; BM3; GII,Historical
474,1907 Jul 22 (17:40),1907.40000000,-,Very High,S,2,Moderate,Mb = 5.1 (SAL2); Mb = 5.2 (GII),5.20000000,NULL,10.00,35.39,33.71,MD,E.Mediter.Sea,East Mediterranean (A),34.12000000,34.07000000,0,1,Felt only. See SAL2 following SHA2,NULL,SAL2; GII,Historical
479,1921 Apr 20 (16:04),1921.00000000,-,Very High,S,2,Moderate,Mb = 5.3 (GII),5.30000000,NULL,10.00,32.99,33.99,MD,E.Mediter.Sea,East Mediterranean (A),34.12000000,34.07000000,0,1,NULL,NULL,GII,Historical
481,1922 Apr 2 (00:47),1922.00000000,-,Very High,S,2,Moderate,Mb = 5.4 (GII),5.40000000,NULL,10.00,34.78,34.72,MD,E.Mediter.Sea,East Mediterranean (A),34.12000000,34.07000000,0,1,NULL,NULL,GII,Historical
486,1924 Feb 18 (17:04),1924.00000000,-,Very High,S,3,Moderate-Strong,Mb = 5.9 (GII),5.90000000,NULL,10.00,33.93,34.42,MD,E.Mediter.Sea,East Mediterranean (A),34.12000000,34.07000000,0,1,NULL,NULL,GII,Historical
496,1941 Jan 20 (03:37),1941.00000000,-,Very High,S,3,Moderate-Strong,Mb=5.9 (SAL2; GII),5.90000000,NULL,10.00,33.63,35.18,CA,Cyprus,Cyprus (A),33.10000000,34.98000000,0,1,NULL,NULL,SAL2 and references therein; GII,Instrumental
499,1949 Jun 17 (04:20),1949.00000000,-,Very High,S,2,Moderate,ML=5.5 (SAL2),5.50000000,NULL,NULL,28.50,34.40,MD,Mediterranean Sea,East Mediterranean (A),34.12000000,34.07000000,0,0,NULL,NULL,SAL2 based on BM3,Instrumental
501,1951 Aug 04 (21:38),1951.20000000,-,Very High,S,3,Moderate-Strong,Mw=5.8 (USGS),5.80000000,NULL,15.00,35.86,36.51,EAS,Turkey,Turkey (A),35.40000000,39.20000000,0,0,USGS: Epicenter at centrl Turkey,NULL,USGS (iscgem),Instrumental
505,1952 Oct 22 (17:00),1952.20000000,-,Very High,S,2,Moderate,Mw=5.7,5.70000000,NULL,15.00,35.49,36.84,EAS,Turkey,Turkey (A),35.40000000,39.20000000,0,0,USGS: Epi at central Turkey,NULL,USGS (iscgem),Instrumental
506,1953 Mar 24 (21:17),1953.00000000,-,Very High,S,2,Moderate,Mw=5.5 (USGS),5.50000000,NULL,15.00,36.96,36.85,EAS,Turkey,Turkey (A),35.40000000,39.20000000,0,0,USGS: Epi at Turkey-Syrian border,NULL,USGS (iscgem),Instrumental
507,1953 Sep 10 (04:06),1953.20000000,-,Very High,S,3,Moderate-Strong,"ML=6.1; Mb=6.2 (SAL2, GII)",6.15000000,NULL,10.00,32.29,34.67,CA,Cyprus,Cyprus (A),33.10000000,34.98000000,0,1,10/09/1953	04:06:00	0	6.2	6.1	0	34.6759	32.2957	10	Cyprus	EQ,NULL,SAL2 based on IRPG; GII,Instrumental
516,1968 Mar 26 (19:37),1968.00000000,-,Very High,S,1,Light,Mb = 4.7 (GII),4.70000000,NULL,10.00,35.50,34.11,MD,E.Mediter.Sea,East Mediterranean (A),34.12000000,34.07000000,0,1,NULL,NULL,GII,Instrumental
521,1970 Jul 30 (00:47),1970.10000000,-,Very High,S,1,Light,Mb = 4.8 (GII),4.80000000,NULL,33.00,35.49,34.40,MD,E.Mediter.Sea,East Mediterranean (A),34.12000000,34.07000000,0,1,30/07/1970	05:00:47	0	4.6	4.8	0	34.4004	35.4975	33	E.Mediter.Sea	EQ,NULL,GII,Instrumental
532,1983 Jun 12 (00:06),1983.20000000,-,Moderate,S,2,Moderate,Mb=5,5.00000000,NULL,NULL,33.10,28.50,SG,Suez,Suez,32.54000000,29.97000000,0,0,NULL,NULL,USGS,Instrumental
537,1987 Jan 02 10:14,1987.00000000,-,Very High,S,2,Moderate,5.0,5.00000000,NULL,NULL,NULL,NULL,SG,Suez,Suez,32.54000000,29.97000000,0,0,NULL,NULL,SAL4,Instrumental
538,1987 Jan 15 (11:19),1987.20000000,-,Very High,S,2,Moderate,"5.1 (SAL4), Mb=5 (USGS)",5.00000000,NULL,NULL,33.90,34.60,CA,NULL,Cyprus (A),33.10000000,34.98000000,0,0,NULL,NULL,SAL4; USGS,Instrumental
539,1987 Sep 03 (12:39),1987.30000000,-,Very High,S,2,Moderate,5.0,5.00000000,NULL,NULL,NULL,NULL,CA,Cyprus,Cyprus (A),33.10000000,34.98000000,0,0,NULL,NULL,SAL4,Instrumental
541,1989 Mar 31 (00:44),1989.00000000,-,Very High,S,2,Moderate,5.4,5.40000000,NULL,NULL,NULL,NULL,SG,Suez,Suez,32.54000000,29.97000000,0,0,NULL,NULL,SAL4,Instrumental
542,1992 Oct 12 13:09,1992.00000000,-,Very High,S,2,Moderate,5.9 (Mb),NULL,NULL,NULL,NULL,NULL,SG,Suez,Suez,32.54000000,29.97000000,0,0,NULL,NULL,SAL4,Instrumental
